rpi,ruth,rpi_zero_008,003_20Ah,2,labjack,true,12.9363,1635807864630
rpi,ruth,rpi_zero_007,002_45Ah,4,labjack,true,12.9959,1635807864846
rpi,ruth,rpi_zero_006,004_20Ah,6,labjack,true,13.0156,1635807865052
rpi,ruth,rpi_zero_008,003_20Ah,2,labjack,true,12.9363,1635808165361
rpi,ruth,rpi_zero_007,002_45Ah,4,labjack,true,12.9999,1635808165573
rpi,ruth,rpi_zero_006,004_20Ah,6,labjack,true,13.0236,1635808165779
rpi,ruth,rpi_zero_008,003_20Ah,2,labjack,true,12.9322,1635808466084
rpi,ruth,rpi_zero_007,002_45Ah,4,labjack,true,12.9959,1635808466297
rpi,ruth,rpi_zero_006,004_20Ah,6,labjack,true,13.0196,1635808466505
rpi,ruth,rpi_zero_008,003_20Ah,2,labjack,true,12.9363,1635808766774
rpi,ruth,rpi_zero_007,002_45Ah,4,labjack,true,12.9959,1635808766985
rpi,ruth,rpi_zero_006,004_20Ah,6,labjack,true,13.0275,1635808767194
rpi,ruth,rpi_zero_008,003_20Ah,2,labjack,true,12.9363,1635809067504
rpi,ruth,rpi_zero_007,002_45Ah,4,labjack,true,12.9999,1635809067722
rpi,ruth,rpi_zero_006,004_20Ah,6,labjack,true,13.0236,1635809067932
rpi,ruth,rpi_zero_008,003_20Ah,2,labjack,true,12.9363,1635809368237
rpi,ruth,rpi_zero_007,002_45Ah,4,labjack,true,12.9959,1635809368450
rpi,ruth,rpi_zero_006,004_20Ah,6,labjack,true,13.0236,1635809368654
rpi,ruth,rpi_zero_008,003_20Ah,2,labjack,true,12.9363,1635809668929
rpi,ruth,rpi_zero_007,002_45Ah,4,labjack,true,12.9999,1635809669142
rpi,ruth,rpi_zero_006,004_20Ah,6,labjack,true,13.0156,1635809669350
rpi,ruth,rpi_zero_008,003_20Ah,2,labjack,true,12.9241,1635809969610
rpi,ruth,rpi_zero_007,002_45Ah,4,labjack,true,12.9959,1635809969827
rpi,ruth,rpi_zero_006,004_20Ah,6,labjack,true,13.0236,1635809970035
rpi,ruth,rpi_zero_008,003_20Ah,2,labjack,true,12.9363,1635810270342
rpi,ruth,rpi_zero_007,002_45Ah,4,labjack,true,12.9959,1635810270561
rpi,ruth,rpi_zero_006,004_20Ah,6,labjack,true,13.0315,1635810270774
rpi,ruth,rpi_zero_008,003_20Ah,2,labjack,true,12.9282,1635810570990
rpi,ruth,rpi_zero_007,002_45Ah,4,labjack,true,12.9999,1635810571200
rpi,ruth,rpi_zero_006,004_20Ah,6,labjack,true,13.0236,1635810571404
rpi,ruth,rpi_zero_008,003_20Ah,2,labjack,true,12.9322,1635810871710
rpi,ruth,rpi_zero_007,002_45Ah,4,labjack,true,12.9959,1635810871924
rpi,ruth,rpi_zero_006,004_20Ah,6,labjack,true,13.0275,1635810872128
rpi,ruth,rpi_zero_008,003_20Ah,2,labjack,true,12.9363,1635811172433
rpi,ruth,rpi_zero_007,002_45Ah,4,labjack,true,12.9999,1635811172645
rpi,ruth,rpi_zero_006,004_20Ah,6,labjack,true,13.0275,1635811172851
rpi,ruth,rpi_zero_008,003_20Ah,2,labjack,true,12.9282,1635811473086
rpi,ruth,rpi_zero_007,002_45Ah,4,labjack,true,12.9999,1635811473316
rpi,ruth,rpi_zero_006,004_20Ah,6,labjack,true,13.0156,1635811473531
rpi,ruth,rpi_zero_008,003_20Ah,2,labjack,true,12.9363,1635811773837
rpi,ruth,rpi_zero_007,002_45Ah,4,labjack,true,12.9999,1635811774063
rpi,ruth,rpi_zero_006,004_20Ah,6,labjack,true,13.0196,1635811774267
rpi,ruth,rpi_zero_008,003_20Ah,2,labjack,true,12.9363,1635812074577
rpi,ruth,rpi_zero_007,002_45Ah,4,labjack,true,12.9999,1635812074789
rpi,ruth,rpi_zero_006,004_20Ah,6,labjack,true,13.0116,1635812075000
rpi,ruth,rpi_zero_008,003_20Ah,2,labjack,true,12.9363,1635812375265
rpi,ruth,rpi_zero_007,002_45Ah,4,labjack,true,12.9959,1635812375483
rpi,ruth,rpi_zero_006,004_20Ah,6,labjack,true,13.0196,1635812375690
rpi,ruth,rpi_zero_008,003_20Ah,2,labjack,true,12.9363,1635812676000
rpi,ruth,rpi_zero_007,002_45Ah,4,labjack,true,12.9999,1635812676211
rpi,ruth,rpi_zero_006,004_20Ah,6,labjack,true,13.0275,1635812676415
rpi,ruth,rpi_zero_008,003_20Ah,2,labjack,true,12.9282,1635812976723
rpi,ruth,rpi_zero_007,002_45Ah,4,labjack,true,12.9999,1635812976939
rpi,ruth,rpi_zero_006,004_20Ah,6,labjack,true,13.0196,1635812977146
rpi,ruth,rpi_zero_008,003_20Ah,2,labjack,true,12.9363,1635813277457
rpi,ruth,rpi_zero_007,002_45Ah,4,labjack,true,12.9999,1635813277671
rpi,ruth,rpi_zero_006,004_20Ah,6,labjack,true,13.0196,1635813277878
rpi,ruth,rpi_zero_008,003_20Ah,2,labjack,true,12.9363,1635813578185
rpi,ruth,rpi_zero_007,002_45Ah,4,labjack,true,12.9959,1635813578397
rpi,ruth,rpi_zero_006,004_20Ah,6,labjack,true,13.0196,1635813578603
rpi,ruth,rpi_zero_008,003_20Ah,2,labjack,true,12.9322,1635813878908
rpi,ruth,rpi_zero_007,002_45Ah,4,labjack,true,12.9999,1635813879122
rpi,ruth,rpi_zero_006,004_20Ah,6,labjack,true,13.0196,1635813879333
rpi,ruth,rpi_zero_008,003_20Ah,2,labjack,true,12.9363,1635814179640
rpi,ruth,rpi_zero_007,002_45Ah,4,labjack,true,12.9999,1635814179852
rpi,ruth,rpi_zero_006,004_20Ah,6,labjack,true,13.0275,1635814180060
rpi,ruth,rpi_zero_008,003_20Ah,2,labjack,true,12.9282,1635814480370
rpi,ruth,rpi_zero_007,002_45Ah,4,labjack,true,13.0039,1635814480583
rpi,ruth,rpi_zero_006,004_20Ah,6,labjack,true,13.0196,1635814480793
rpi,ruth,rpi_zero_008,003_20Ah,2,labjack,true,12.9282,1635814781102
rpi,ruth,rpi_zero_007,002_45Ah,4,labjack,true,13.0079,1635814781316
rpi,ruth,rpi_zero_006,004_20Ah,6,labjack,true,13.0355,1635814781520
rpi,ruth,rpi_zero_008,003_20Ah,2,labjack,true,12.9322,1635815081825
rpi,ruth,rpi_zero_007,002_45Ah,4,labjack,true,12.9959,1635815082038
rpi,ruth,rpi_zero_006,004_20Ah,6,labjack,true,13.0196,1635815082244
rpi,ruth,rpi_zero_008,003_20Ah,2,labjack,true,12.9363,1635815382549
rpi,ruth,rpi_zero_007,002_45Ah,4,labjack,true,12.9999,1635815382768
rpi,ruth,rpi_zero_006,004_20Ah,6,labjack,true,13.0196,1635815382974
rpi,ruth,rpi_zero_008,003_20Ah,2,labjack,true,12.9322,1635815683277
rpi,ruth,rpi_zero_007,002_45Ah,4,labjack,true,13.0079,1635815683487
rpi,ruth,rpi_zero_006,004_20Ah,6,labjack,true,13.0236,1635815683693
rpi,ruth,rpi_zero_008,003_20Ah,2,labjack,true,12.9363,1635815983993
rpi,ruth,rpi_zero_007,002_45Ah,4,labjack,true,12.9999,1635815984208
rpi,ruth,rpi_zero_006,004_20Ah,6,labjack,true,13.0196,1635815984414
rpi,ruth,rpi_zero_008,003_20Ah,2,labjack,true,12.9363,1635816284700
rpi,ruth,rpi_zero_007,002_45Ah,4,labjack,true,12.9999,1635816284917
rpi,ruth,rpi_zero_006,004_20Ah,6,labjack,true,13.0196,1635816285122
rpi,ruth,rpi_zero_008,003_20Ah,2,labjack,true,12.9363,1635816585429
rpi,ruth,rpi_zero_007,002_45Ah,4,labjack,true,12.9959,1635816585641
rpi,ruth,rpi_zero_006,004_20Ah,6,labjack,true,13.0236,1635816585846
rpi,ruth,rpi_zero_008,003_20Ah,2,labjack,true,12.9363,1635816886061
rpi,ruth,rpi_zero_007,002_45Ah,4,labjack,true,12.9999,1635816886272
rpi,ruth,rpi_zero_006,004_20Ah,6,labjack,true,13.0077,1635816886477
rpi,ruth,rpi_zero_008,003_20Ah,2,labjack,true,12.9363,1635817186781
rpi,ruth,rpi_zero_007,002_45Ah,4,labjack,true,12.9959,1635817186994
rpi,ruth,rpi_zero_006,004_20Ah,6,labjack,true,13.0275,1635817187202
rpi,ruth,rpi_zero_008,003_20Ah,2,labjack,true,12.9363,1635817487510
rpi,ruth,rpi_zero_007,002_45Ah,4,labjack,true,12.9999,1635817487725
rpi,ruth,rpi_zero_006,004_20Ah,6,labjack,true,13.0236,1635817487935
rpi,ruth,rpi_zero_008,003_20Ah,2,labjack,true,12.9363,1635817788241
rpi,ruth,rpi_zero_007,002_45Ah,4,labjack,true,12.9959,1635817788453
rpi,ruth,rpi_zero_006,004_20Ah,6,labjack,true,13.0236,1635817788658
rpi,ruth,rpi_zero_008,003_20Ah,2,labjack,true,12.9363,1635818088906
rpi,ruth,rpi_zero_007,002_45Ah,4,labjack,true,12.9999,1635818089116
rpi,ruth,rpi_zero_006,004_20Ah,6,labjack,true,13.0236,1635818089322
rpi,ruth,rpi_zero_008,003_20Ah,2,labjack,true,12.9322,1635818389629
rpi,ruth,rpi_zero_007,002_45Ah,4,labjack,true,12.9959,1635818389843
rpi,ruth,rpi_zero_006,004_20Ah,6,labjack,true,13.0196,1635818390050
rpi,ruth,rpi_zero_008,003_20Ah,2,labjack,true,12.9363,1635818690357
rpi,ruth,rpi_zero_007,002_45Ah,4,labjack,true,12.9999,1635818690569
rpi,ruth,rpi_zero_006,004_20Ah,6,labjack,true,13.0196,1635818690771
rpi,ruth,rpi_zero_008,003_20Ah,2,labjack,true,12.9363,1635818991079
rpi,ruth,rpi_zero_007,002_45Ah,4,labjack,true,12.9959,1635818991296
rpi,ruth,rpi_zero_006,004_20Ah,6,labjack,true,13.0196,1635818991505
rpi,ruth,rpi_zero_008,003_20Ah,2,labjack,true,12.9363,1635819291812
rpi,ruth,rpi_zero_007,002_45Ah,4,labjack,true,12.9959,1635819292025
rpi,ruth,rpi_zero_006,004_20Ah,6,labjack,true,13.0236,1635819292229
rpi,ruth,rpi_zero_008,003_20Ah,2,labjack,true,12.9363,1635819592522
rpi,ruth,rpi_zero_007,002_45Ah,4,labjack,true,12.9999,1635819592739
rpi,ruth,rpi_zero_006,004_20Ah,6,labjack,true,13.0275,1635819592948
rpi,ruth,rpi_zero_008,003_20Ah,2,labjack,true,12.9322,1635819893254
rpi,ruth,rpi_zero_007,002_45Ah,4,labjack,true,12.9959,1635819893465
rpi,ruth,rpi_zero_006,004_20Ah,6,labjack,true,13.0355,1635819893670
rpi,ruth,rpi_zero_008,003_20Ah,2,labjack,true,12.9363,1635820193940
rpi,ruth,rpi_zero_007,002_45Ah,4,labjack,true,12.9959,1635820194153
rpi,ruth,rpi_zero_006,004_20Ah,6,labjack,true,13.0156,1635820194362
rpi,ruth,rpi_zero_008,003_20Ah,2,labjack,true,12.9363,1635820494670
rpi,ruth,rpi_zero_007,002_45Ah,4,labjack,true,12.9999,1635820494882
rpi,ruth,rpi_zero_006,004_20Ah,6,labjack,true,13.0116,1635820495088
rpi,ruth,rpi_zero_008,003_20Ah,2,labjack,true,12.9322,1635820795392
rpi,ruth,rpi_zero_007,002_45Ah,4,labjack,true,12.9959,1635820795605
rpi,ruth,rpi_zero_006,004_20Ah,6,labjack,true,13.0156,1635820795811
rpi,ruth,rpi_zero_008,003_20Ah,2,labjack,true,12.9282,1635821096117
rpi,ruth,rpi_zero_007,002_45Ah,4,labjack,true,12.9959,1635821096333
rpi,ruth,rpi_zero_006,004_20Ah,6,labjack,true,13.0315,1635821096539
rpi,ruth,rpi_zero_008,003_20Ah,2,labjack,true,12.9282,1635821396830
rpi,ruth,rpi_zero_007,002_45Ah,4,labjack,true,12.9999,1635821397042
rpi,ruth,rpi_zero_006,004_20Ah,6,labjack,true,13.0196,1635821397253
rpi,ruth,rpi_zero_008,003_20Ah,2,labjack,true,12.9241,1635821697562
rpi,ruth,rpi_zero_007,002_45Ah,4,labjack,true,12.9959,1635821697774
rpi,ruth,rpi_zero_006,004_20Ah,6,labjack,true,13.0196,1635821697980
rpi,ruth,rpi_zero_008,003_20Ah,2,labjack,true,12.9363,1635821998285
rpi,ruth,rpi_zero_007,002_45Ah,4,labjack,true,12.9959,1635821998500
rpi,ruth,rpi_zero_006,004_20Ah,6,labjack,true,13.0156,1635821998704
rpi,ruth,rpi_zero_008,003_20Ah,2,labjack,true,12.9363,1635822299007
rpi,ruth,rpi_zero_007,002_45Ah,4,labjack,true,12.9959,1635822299217
rpi,ruth,rpi_zero_006,004_20Ah,6,labjack,true,13.0196,1635822299421
rpi,ruth,rpi_zero_008,003_20Ah,2,labjack,true,12.9363,1635822599711
rpi,ruth,rpi_zero_007,002_45Ah,4,labjack,true,12.9959,1635822599926
rpi,ruth,rpi_zero_006,004_20Ah,6,labjack,true,13.0116,1635822600132
rpi,ruth,rpi_zero_008,003_20Ah,2,labjack,true,12.9363,1635822900411
rpi,ruth,rpi_zero_007,002_45Ah,4,labjack,true,12.9999,1635822900622
rpi,ruth,rpi_zero_006,004_20Ah,6,labjack,true,13.0236,1635822900826
rpi,ruth,rpi_zero_008,003_20Ah,2,labjack,true,12.9322,1635823201129
rpi,ruth,rpi_zero_007,002_45Ah,4,labjack,true,12.9959,1635823201341
rpi,ruth,rpi_zero_006,004_20Ah,6,labjack,true,13.0275,1635823201536
rpi,ruth,rpi_zero_008,003_20Ah,2,labjack,true,12.9363,1635823501842
rpi,ruth,rpi_zero_007,002_45Ah,4,labjack,true,12.9959,1635823502052
rpi,ruth,rpi_zero_006,004_20Ah,6,labjack,true,13.0236,1635823502250
rpi,ruth,rpi_zero_008,003_20Ah,2,labjack,true,12.9322,1635823802544
rpi,ruth,rpi_zero_007,002_45Ah,4,labjack,true,12.9959,1635823802747
rpi,ruth,rpi_zero_006,004_20Ah,6,labjack,true,13.0196,1635823802943
rpi,ruth,rpi_zero_008,003_20Ah,2,labjack,true,12.9322,1635824103240
rpi,ruth,rpi_zero_007,002_45Ah,4,labjack,true,12.9959,1635824103456
rpi,ruth,rpi_zero_006,004_20Ah,6,labjack,true,13.0156,1635824103654
rpi,ruth,rpi_zero_008,003_20Ah,2,labjack,true,12.9363,1635824403948
rpi,ruth,rpi_zero_007,002_45Ah,4,labjack,true,12.9959,1635824404151
rpi,ruth,rpi_zero_006,004_20Ah,6,labjack,true,13.0116,1635824404396
rpi,ruth,rpi_zero_008,003_20Ah,2,labjack,true,12.9322,1635824704696
rpi,ruth,rpi_zero_007,002_45Ah,4,labjack,true,12.9999,1635824704907
rpi,ruth,rpi_zero_006,004_20Ah,6,labjack,true,13.0077,1635824705111
rpi,ruth,rpi_zero_008,003_20Ah,2,labjack,true,12.9363,1635825005404
rpi,ruth,rpi_zero_007,002_45Ah,4,labjack,true,12.9959,1635825005609
rpi,ruth,rpi_zero_006,004_20Ah,6,labjack,true,13.0156,1635825005806
rpi,ruth,rpi_zero_008,003_20Ah,2,labjack,true,12.9282,1635825306101
rpi,ruth,rpi_zero_007,002_45Ah,4,labjack,true,12.9999,1635825306317
rpi,ruth,rpi_zero_006,004_20Ah,6,labjack,true,13.0435,1635825306512
rpi,ruth,rpi_zero_008,003_20Ah,2,labjack,true,12.9363,1635825606813
rpi,ruth,rpi_zero_007,002_45Ah,4,labjack,true,12.9959,1635825607026
rpi,ruth,rpi_zero_006,004_20Ah,6,labjack,true,13.0116,1635825607223
rpi,ruth,rpi_zero_008,003_20Ah,2,labjack,true,12.9322,1635825907517
rpi,ruth,rpi_zero_007,002_45Ah,4,labjack,true,12.9999,1635825907719
rpi,ruth,rpi_zero_006,004_20Ah,6,labjack,true,13.0156,1635825907915
rpi,ruth,rpi_zero_008,003_20Ah,2,labjack,true,12.9322,1635826208213
rpi,ruth,rpi_zero_007,002_45Ah,4,labjack,true,12.9999,1635826208415
rpi,ruth,rpi_zero_006,004_20Ah,6,labjack,true,13.0156,1635826208612
rpi,ruth,rpi_zero_008,003_20Ah,2,labjack,true,12.9322,1635826508908
rpi,ruth,rpi_zero_007,002_45Ah,4,labjack,true,12.9999,1635826509108
rpi,ruth,rpi_zero_006,004_20Ah,6,labjack,true,13.0275,1635826509304
rpi,ruth,rpi_zero_008,003_20Ah,2,labjack,true,12.9363,1635826809601
rpi,ruth,rpi_zero_007,002_45Ah,4,labjack,true,12.9959,1635826809803
rpi,ruth,rpi_zero_006,004_20Ah,6,labjack,true,13.0196,1635826809999
rpi,ruth,rpi_zero_008,003_20Ah,2,labjack,true,12.9363,1635827110305
rpi,ruth,rpi_zero_007,002_45Ah,4,labjack,true,12.9999,1635827110523
rpi,ruth,rpi_zero_006,004_20Ah,6,labjack,true,13.0116,1635827110729
rpi,ruth,rpi_zero_008,003_20Ah,2,labjack,true,12.9282,1635827411037
rpi,ruth,rpi_zero_007,002_45Ah,4,labjack,true,12.9959,1635827411252
rpi,ruth,rpi_zero_006,004_20Ah,6,labjack,true,13.0236,1635827411456
rpi,ruth,rpi_zero_008,003_20Ah,2,labjack,true,12.9322,1635827711761
rpi,ruth,rpi_zero_007,002_45Ah,4,labjack,true,12.9959,1635827711979
rpi,ruth,rpi_zero_006,004_20Ah,6,labjack,true,13.0196,1635827712179
rpi,ruth,rpi_zero_008,003_20Ah,2,labjack,true,12.9363,1635828012487
rpi,ruth,rpi_zero_007,002_45Ah,4,labjack,true,12.9999,1635828012704
rpi,ruth,rpi_zero_006,004_20Ah,6,labjack,true,13.0116,1635828012914
rpi,ruth,rpi_zero_008,003_20Ah,2,labjack,true,12.9322,1635828313220
rpi,ruth,rpi_zero_007,002_45Ah,4,labjack,true,12.9959,1635828313437
rpi,ruth,rpi_zero_006,004_20Ah,6,labjack,true,13.0196,1635828313641
rpi,ruth,rpi_zero_008,003_20Ah,2,labjack,true,12.9322,1635828613949
rpi,ruth,rpi_zero_007,002_45Ah,4,labjack,true,12.9959,1635828614162
rpi,ruth,rpi_zero_006,004_20Ah,6,labjack,true,13.0196,1635828614374
rpi,ruth,rpi_zero_008,003_20Ah,2,labjack,true,12.9363,1635828914681
rpi,ruth,rpi_zero_007,002_45Ah,4,labjack,true,13.0039,1635828914896
rpi,ruth,rpi_zero_006,004_20Ah,6,labjack,true,13.0156,1635828915100
rpi,ruth,rpi_zero_008,003_20Ah,2,labjack,true,12.9363,1635829215405
rpi,ruth,rpi_zero_007,002_45Ah,4,labjack,true,12.9959,1635829215617
rpi,ruth,rpi_zero_006,004_20Ah,6,labjack,true,13.0116,1635829215822
rpi,ruth,rpi_zero_008,003_20Ah,2,labjack,true,12.9363,1635829516130
rpi,ruth,rpi_zero_007,002_45Ah,4,labjack,true,12.9959,1635829516339
rpi,ruth,rpi_zero_006,004_20Ah,6,labjack,true,13.0275,1635829516545
rpi,ruth,rpi_zero_008,003_20Ah,2,labjack,true,12.9322,1635829816848
rpi,ruth,rpi_zero_007,002_45Ah,4,labjack,true,12.9999,1635829817062
rpi,ruth,rpi_zero_006,004_20Ah,6,labjack,true,13.0196,1635829817268
rpi,ruth,rpi_zero_008,003_20Ah,2,labjack,true,12.9322,1635830117575
rpi,ruth,rpi_zero_007,002_45Ah,4,labjack,true,12.9959,1635830117787
rpi,ruth,rpi_zero_006,004_20Ah,6,labjack,true,13.0116,1635830117993
rpi,ruth,rpi_zero_008,003_20Ah,2,labjack,true,12.9363,1635830418302
rpi,ruth,rpi_zero_007,002_45Ah,4,labjack,true,12.9959,1635830418520
rpi,ruth,rpi_zero_006,004_20Ah,6,labjack,true,13.0275,1635830418725
rpi,ruth,rpi_zero_008,003_20Ah,2,labjack,true,12.9363,1635830718937
rpi,ruth,rpi_zero_007,002_45Ah,4,labjack,true,12.9959,1635830719155
rpi,ruth,rpi_zero_006,004_20Ah,6,labjack,true,13.0196,1635830719358
rpi,ruth,rpi_zero_008,003_20Ah,2,labjack,true,12.9282,1635831019669
rpi,ruth,rpi_zero_007,002_45Ah,4,labjack,true,12.9959,1635831019879
rpi,ruth,rpi_zero_006,004_20Ah,6,labjack,true,13.0116,1635831020081
rpi,ruth,rpi_zero_008,003_20Ah,2,labjack,true,12.9363,1635831320384
rpi,ruth,rpi_zero_007,002_45Ah,4,labjack,true,12.9959,1635831320594
rpi,ruth,rpi_zero_006,004_20Ah,6,labjack,true,13.0116,1635831320803
rpi,ruth,rpi_zero_008,003_20Ah,2,labjack,true,12.9363,1635831621108
rpi,ruth,rpi_zero_007,002_45Ah,4,labjack,true,12.9999,1635831621318
rpi,ruth,rpi_zero_006,004_20Ah,6,labjack,true,13.0275,1635831621523
rpi,ruth,rpi_zero_008,003_20Ah,2,labjack,true,12.9322,1635831921829
rpi,ruth,rpi_zero_007,002_45Ah,4,labjack,true,12.9959,1635831922041
rpi,ruth,rpi_zero_006,004_20Ah,6,labjack,true,13.0077,1635831922250
rpi,ruth,rpi_zero_008,003_20Ah,2,labjack,true,12.9363,1635832222545
rpi,ruth,rpi_zero_007,002_45Ah,4,labjack,true,12.9959,1635832222760
rpi,ruth,rpi_zero_006,004_20Ah,6,labjack,true,13.0037,1635832222966
rpi,ruth,rpi_zero_008,003_20Ah,2,labjack,true,12.9322,1635832523273
rpi,ruth,rpi_zero_007,002_45Ah,4,labjack,true,12.9959,1635832523492
rpi,ruth,rpi_zero_006,004_20Ah,6,labjack,true,13.0156,1635832523697
rpi,ruth,rpi_zero_008,003_20Ah,2,labjack,true,12.9363,1635832824005
rpi,ruth,rpi_zero_007,002_45Ah,4,labjack,true,12.9999,1635832824223
rpi,ruth,rpi_zero_006,004_20Ah,6,labjack,true,13.0156,1635832824435
rpi,ruth,rpi_zero_008,003_20Ah,2,labjack,true,12.9363,1635833124745
rpi,ruth,rpi_zero_007,002_45Ah,4,labjack,true,13.0039,1635833124959
rpi,ruth,rpi_zero_006,004_20Ah,6,labjack,true,13.0315,1635833125164
rpi,ruth,rpi_zero_008,003_20Ah,2,labjack,true,12.9322,1635833425470
rpi,ruth,rpi_zero_007,002_45Ah,4,labjack,true,12.9959,1635833425682
rpi,ruth,rpi_zero_006,004_20Ah,6,labjack,true,13.0196,1635833425888
rpi,ruth,rpi_zero_008,003_20Ah,2,labjack,true,12.9363,1635833726193
rpi,ruth,rpi_zero_007,002_45Ah,4,labjack,true,12.9999,1635833726405
rpi,ruth,rpi_zero_006,004_20Ah,6,labjack,true,13.0196,1635833726609
rpi,ruth,rpi_zero_008,003_20Ah,2,labjack,true,12.9282,1635834026915
rpi,ruth,rpi_zero_007,002_45Ah,4,labjack,true,12.9959,1635834027127
rpi,ruth,rpi_zero_006,004_20Ah,6,labjack,true,13.0116,1635834027333
rpi,ruth,rpi_zero_008,003_20Ah,2,labjack,true,12.9322,1635834327644
rpi,ruth,rpi_zero_007,002_45Ah,4,labjack,true,12.9959,1635834327854
rpi,ruth,rpi_zero_006,004_20Ah,6,labjack,true,13.0156,1635834328060
rpi,ruth,rpi_zero_008,003_20Ah,2,labjack,true,12.9322,1635834628368
rpi,ruth,rpi_zero_007,002_45Ah,4,labjack,true,12.9959,1635834628581
rpi,ruth,rpi_zero_006,004_20Ah,6,labjack,true,13.0116,1635834628786
rpi,ruth,rpi_zero_008,003_20Ah,2,labjack,true,12.9322,1635834929092
rpi,ruth,rpi_zero_007,002_45Ah,4,labjack,true,12.9959,1635834929303
rpi,ruth,rpi_zero_006,004_20Ah,6,labjack,true,13.0275,1635834929507
rpi,ruth,rpi_zero_008,003_20Ah,2,labjack,true,12.9363,1635835229812
rpi,ruth,rpi_zero_007,002_45Ah,4,labjack,true,12.9959,1635835230023
rpi,ruth,rpi_zero_006,004_20Ah,6,labjack,true,13.0116,1635835230228
rpi,ruth,rpi_zero_008,003_20Ah,2,labjack,true,12.9322,1635835530533
rpi,ruth,rpi_zero_007,002_45Ah,4,labjack,true,12.9959,1635835530744
rpi,ruth,rpi_zero_006,004_20Ah,6,labjack,true,13.0116,1635835530948
rpi,ruth,rpi_zero_008,003_20Ah,2,labjack,true,12.9322,1635835831176
rpi,ruth,rpi_zero_007,002_45Ah,4,labjack,true,13.0039,1635835831387
rpi,ruth,rpi_zero_006,004_20Ah,6,labjack,true,13.0315,1635835831592
rpi,ruth,rpi_zero_008,003_20Ah,2,labjack,true,12.9322,1635836131902
rpi,ruth,rpi_zero_007,002_45Ah,4,labjack,true,12.9999,1635836132117
rpi,ruth,rpi_zero_006,004_20Ah,6,labjack,true,13.0275,1635836132327
rpi,ruth,rpi_zero_008,003_20Ah,2,labjack,true,12.9241,1635836432636
rpi,ruth,rpi_zero_007,002_45Ah,4,labjack,true,12.9999,1635836432844
rpi,ruth,rpi_zero_006,004_20Ah,6,labjack,true,13.0156,1635836433050
rpi,ruth,rpi_zero_008,003_20Ah,2,labjack,true,12.9363,1635836733276
rpi,ruth,rpi_zero_007,002_45Ah,4,labjack,true,12.9999,1635836733490
rpi,ruth,rpi_zero_006,004_20Ah,6,labjack,true,13.0156,1635836733704
rpi,ruth,rpi_zero_008,003_20Ah,2,labjack,true,12.9363,1635837034008
rpi,ruth,rpi_zero_007,002_45Ah,4,labjack,true,13.0039,1635837034220
rpi,ruth,rpi_zero_006,004_20Ah,6,labjack,true,13.0236,1635837034427
rpi,ruth,rpi_zero_008,003_20Ah,2,labjack,true,12.9322,1635837334650
rpi,ruth,rpi_zero_007,002_45Ah,4,labjack,true,12.9959,1635837334866
rpi,ruth,rpi_zero_006,004_20Ah,6,labjack,true,13.0156,1635837335074
rpi,ruth,rpi_zero_008,003_20Ah,2,labjack,true,12.9322,1635837635385
rpi,ruth,rpi_zero_007,002_45Ah,4,labjack,true,12.9959,1635837635595
rpi,ruth,rpi_zero_006,004_20Ah,6,labjack,true,13.0196,1635837635800
rpi,ruth,rpi_zero_008,003_20Ah,2,labjack,true,12.9322,1635837936098
rpi,ruth,rpi_zero_007,002_45Ah,4,labjack,true,12.9999,1635837936335
rpi,ruth,rpi_zero_006,004_20Ah,6,labjack,true,13.0156,1635837936538
rpi,ruth,rpi_zero_008,003_20Ah,2,labjack,true,12.9322,1635838236844
rpi,ruth,rpi_zero_007,002_45Ah,4,labjack,true,12.9959,1635838237058
rpi,ruth,rpi_zero_006,004_20Ah,6,labjack,true,13.0156,1635838237263
rpi,ruth,rpi_zero_008,003_20Ah,2,labjack,true,12.9322,1635838537571
rpi,ruth,rpi_zero_007,002_45Ah,4,labjack,true,12.9959,1635838537779
rpi,ruth,rpi_zero_006,004_20Ah,6,labjack,true,13.0156,1635838537985
rpi,ruth,rpi_zero_008,003_20Ah,2,labjack,true,12.9363,1635838838282
rpi,ruth,rpi_zero_007,002_45Ah,4,labjack,true,12.9999,1635838838490
rpi,ruth,rpi_zero_006,004_20Ah,6,labjack,true,13.0236,1635838838692
rpi,ruth,rpi_zero_008,003_20Ah,2,labjack,true,12.9322,1635839139043
rpi,ruth,rpi_zero_007,002_45Ah,4,labjack,true,12.9999,1635839139255
rpi,ruth,rpi_zero_006,004_20Ah,6,labjack,true,13.0116,1635839139460
rpi,ruth,rpi_zero_008,003_20Ah,2,labjack,true,12.9363,1635839439765
rpi,ruth,rpi_zero_007,002_45Ah,4,labjack,true,12.9999,1635839439980
rpi,ruth,rpi_zero_006,004_20Ah,6,labjack,true,13.0156,1635839440185
rpi,ruth,rpi_zero_008,003_20Ah,2,labjack,true,12.9363,1635839740476
rpi,ruth,rpi_zero_007,002_45Ah,4,labjack,true,12.9999,1635839740688
rpi,ruth,rpi_zero_006,004_20Ah,6,labjack,true,13.0156,1635839740891
rpi,ruth,rpi_zero_008,003_20Ah,2,labjack,true,12.9322,1635840041196
rpi,ruth,rpi_zero_007,002_45Ah,4,labjack,true,12.9959,1635840041407
rpi,ruth,rpi_zero_006,004_20Ah,6,labjack,true,13.0196,1635840041610
rpi,ruth,rpi_zero_008,003_20Ah,2,labjack,true,12.9363,1635840341917
rpi,ruth,rpi_zero_007,002_45Ah,4,labjack,true,13.0039,1635840342126
rpi,ruth,rpi_zero_006,004_20Ah,6,labjack,true,13.0077,1635840342330
rpi,ruth,rpi_zero_008,003_20Ah,2,labjack,true,12.9322,1635840642637
rpi,ruth,rpi_zero_007,002_45Ah,4,labjack,true,12.9999,1635840642849
rpi,ruth,rpi_zero_006,004_20Ah,6,labjack,true,13.0196,1635840643055
rpi,ruth,rpi_zero_008,003_20Ah,2,labjack,true,12.9363,1635840943362
rpi,ruth,rpi_zero_007,002_45Ah,4,labjack,true,12.9959,1635840943580
rpi,ruth,rpi_zero_006,004_20Ah,6,labjack,true,13.0236,1635840943787
rpi,ruth,rpi_zero_008,003_20Ah,2,labjack,true,12.9322,1635841244097
rpi,ruth,rpi_zero_007,002_45Ah,4,labjack,true,12.9999,1635841244307
rpi,ruth,rpi_zero_006,004_20Ah,6,labjack,true,13.0236,1635841244513
rpi,ruth,rpi_zero_008,003_20Ah,2,labjack,true,12.9363,1635841544817
rpi,ruth,rpi_zero_007,002_45Ah,4,labjack,true,12.9999,1635841545033
rpi,ruth,rpi_zero_006,004_20Ah,6,labjack,true,13.0077,1635841545244
rpi,ruth,rpi_zero_008,003_20Ah,2,labjack,true,12.9241,1635841845549
rpi,ruth,rpi_zero_007,002_45Ah,4,labjack,true,12.9959,1635841845763
rpi,ruth,rpi_zero_006,004_20Ah,6,labjack,true,13.0116,1635841845966
rpi,ruth,rpi_zero_008,003_20Ah,2,labjack,true,12.9322,1635842146240
rpi,ruth,rpi_zero_007,002_45Ah,4,labjack,true,12.9959,1635842146450
rpi,ruth,rpi_zero_006,004_20Ah,6,labjack,true,13.0156,1635842146661
rpi,ruth,rpi_zero_008,003_20Ah,2,labjack,true,12.9322,1635842446968
rpi,ruth,rpi_zero_007,002_45Ah,4,labjack,true,12.9959,1635842447178
rpi,ruth,rpi_zero_006,004_20Ah,6,labjack,true,13.0236,1635842447383
rpi,ruth,rpi_zero_008,003_20Ah,2,labjack,true,12.9363,1635842747687
rpi,ruth,rpi_zero_007,002_45Ah,4,labjack,true,12.9999,1635842747899
rpi,ruth,rpi_zero_006,004_20Ah,6,labjack,true,13.0116,1635842748104
rpi,ruth,rpi_zero_008,003_20Ah,2,labjack,true,12.9282,1635843048410
rpi,ruth,rpi_zero_007,002_45Ah,4,labjack,true,12.9959,1635843048623
rpi,ruth,rpi_zero_006,004_20Ah,6,labjack,true,13.0116,1635843048828
rpi,ruth,rpi_zero_008,003_20Ah,2,labjack,true,12.9363,1635843349072
rpi,ruth,rpi_zero_007,002_45Ah,4,labjack,true,12.9959,1635843349283
rpi,ruth,rpi_zero_006,004_20Ah,6,labjack,true,13.0196,1635843349489
rpi,ruth,rpi_zero_008,003_20Ah,2,labjack,true,12.9363,1635843649793
rpi,ruth,rpi_zero_007,002_45Ah,4,labjack,true,12.9959,1635843650012
rpi,ruth,rpi_zero_006,004_20Ah,6,labjack,true,13.0116,1635843650218
rpi,ruth,rpi_zero_008,003_20Ah,2,labjack,true,12.9363,1635843950509
rpi,ruth,rpi_zero_007,002_45Ah,4,labjack,true,12.9959,1635843950723
rpi,ruth,rpi_zero_006,004_20Ah,6,labjack,true,13.0077,1635843950939
rpi,ruth,rpi_zero_008,003_20Ah,2,labjack,true,12.9282,1635844251244
rpi,ruth,rpi_zero_007,002_45Ah,4,labjack,true,12.9959,1635844251452
rpi,ruth,rpi_zero_006,004_20Ah,6,labjack,true,13.0156,1635844251655
rpi,ruth,rpi_zero_008,003_20Ah,2,labjack,true,12.9282,1635844551957
rpi,ruth,rpi_zero_007,002_45Ah,4,labjack,true,12.9959,1635844552168
rpi,ruth,rpi_zero_006,004_20Ah,6,labjack,true,13.0156,1635844552378
rpi,ruth,rpi_zero_008,003_20Ah,2,labjack,true,12.9322,1635844852683
rpi,ruth,rpi_zero_007,002_45Ah,4,labjack,true,12.9959,1635844852901
rpi,ruth,rpi_zero_006,004_20Ah,6,labjack,true,13.0196,1635844853120
rpi,ruth,rpi_zero_008,003_20Ah,2,labjack,true,12.9241,1635845153454
rpi,ruth,rpi_zero_007,002_45Ah,4,labjack,true,12.9959,1635845153687
rpi,ruth,rpi_zero_006,004_20Ah,6,labjack,true,13.0236,1635845153892
rpi,ruth,rpi_zero_008,003_20Ah,2,labjack,true,12.9363,1635845454195
rpi,ruth,rpi_zero_007,002_45Ah,4,labjack,true,12.9959,1635845454408
rpi,ruth,rpi_zero_006,004_20Ah,6,labjack,true,13.0196,1635845454611
rpi,ruth,rpi_zero_008,003_20Ah,2,labjack,true,12.9322,1635845754915
rpi,ruth,rpi_zero_007,002_45Ah,4,labjack,true,12.9999,1635845755127
rpi,ruth,rpi_zero_006,004_20Ah,6,labjack,true,13.0196,1635845755330
rpi,ruth,rpi_zero_008,003_20Ah,2,labjack,true,12.9282,1635846055622
rpi,ruth,rpi_zero_007,002_45Ah,4,labjack,true,12.9959,1635846055834
rpi,ruth,rpi_zero_006,004_20Ah,6,labjack,true,13.0156,1635846056038
rpi,ruth,rpi_zero_008,003_20Ah,2,labjack,true,12.9322,1635846356271
rpi,ruth,rpi_zero_007,002_45Ah,4,labjack,true,12.9959,1635846356482
rpi,ruth,rpi_zero_006,004_20Ah,6,labjack,true,13.0156,1635846356685
rpi,ruth,rpi_zero_008,003_20Ah,2,labjack,true,12.9322,1635846656990
rpi,ruth,rpi_zero_007,002_45Ah,4,labjack,true,12.9959,1635846657202
rpi,ruth,rpi_zero_006,004_20Ah,6,labjack,true,13.0116,1635846657445
rpi,ruth,rpi_zero_008,003_20Ah,2,labjack,true,12.9363,1635846957752
rpi,ruth,rpi_zero_007,002_45Ah,4,labjack,true,12.9959,1635846957977
rpi,ruth,rpi_zero_006,004_20Ah,6,labjack,true,13.0196,1635846958184
rpi,ruth,rpi_zero_008,003_20Ah,2,labjack,true,12.9363,1635847258489
rpi,ruth,rpi_zero_007,002_45Ah,4,labjack,true,12.9959,1635847258697
rpi,ruth,rpi_zero_006,004_20Ah,6,labjack,true,13.0236,1635847258910
rpi,ruth,rpi_zero_008,003_20Ah,2,labjack,true,12.9282,1635847559210
rpi,ruth,rpi_zero_007,002_45Ah,4,labjack,true,12.9959,1635847559416
rpi,ruth,rpi_zero_006,004_20Ah,6,labjack,true,13.0196,1635847559647
rpi,ruth,rpi_zero_008,003_20Ah,2,labjack,true,12.9322,1635847860018
rpi,ruth,rpi_zero_007,002_45Ah,4,labjack,true,12.9959,1635847860227
rpi,ruth,rpi_zero_006,004_20Ah,6,labjack,true,13.0156,1635847860427
rpi,ruth,rpi_zero_008,003_20Ah,2,labjack,true,12.9363,1635848160730
rpi,ruth,rpi_zero_007,002_45Ah,4,labjack,true,12.9999,1635848160941
rpi,ruth,rpi_zero_006,004_20Ah,6,labjack,true,13.0196,1635848161145
rpi,ruth,rpi_zero_008,003_20Ah,2,labjack,true,12.9322,1635848461452
rpi,ruth,rpi_zero_007,002_45Ah,4,labjack,true,12.9959,1635848461664
rpi,ruth,rpi_zero_006,004_20Ah,6,labjack,true,13.0156,1635848461867
rpi,ruth,rpi_zero_008,003_20Ah,2,labjack,true,12.9363,1635848762121
rpi,ruth,rpi_zero_007,002_45Ah,4,labjack,true,12.9959,1635848762331
rpi,ruth,rpi_zero_006,004_20Ah,6,labjack,true,13.0236,1635848762537
rpi,ruth,rpi_zero_008,003_20Ah,2,labjack,true,12.9322,1635849062842
rpi,ruth,rpi_zero_007,002_45Ah,4,labjack,true,12.9959,1635849063077
rpi,ruth,rpi_zero_006,004_20Ah,6,labjack,true,13.0196,1635849063285
rpi,ruth,rpi_zero_008,003_20Ah,2,labjack,true,12.9322,1635849363576
rpi,ruth,rpi_zero_007,002_45Ah,4,labjack,true,13.0039,1635849363788
rpi,ruth,rpi_zero_006,004_20Ah,6,labjack,true,13.0116,1635849363992
rpi,ruth,rpi_zero_008,003_20Ah,2,labjack,true,12.9363,1635849664294
rpi,ruth,rpi_zero_007,002_45Ah,4,labjack,true,12.9999,1635849664504
rpi,ruth,rpi_zero_006,004_20Ah,6,labjack,true,13.0196,1635849664709
rpi,ruth,rpi_zero_008,003_20Ah,2,labjack,true,12.9322,1635849965016
rpi,ruth,rpi_zero_007,002_45Ah,4,labjack,true,12.9959,1635849965227
rpi,ruth,rpi_zero_006,004_20Ah,6,labjack,true,13.0156,1635849965431
rpi,ruth,rpi_zero_008,003_20Ah,2,labjack,true,12.9322,1635850265735
rpi,ruth,rpi_zero_007,002_45Ah,4,labjack,true,12.9959,1635850265950
rpi,ruth,rpi_zero_006,004_20Ah,6,labjack,true,13.0077,1635850266153
rpi,ruth,rpi_zero_008,003_20Ah,2,labjack,true,12.9282,1635850566444
rpi,ruth,rpi_zero_007,002_45Ah,4,labjack,true,12.9999,1635850566658
rpi,ruth,rpi_zero_006,004_20Ah,6,labjack,true,13.0116,1635850566867
rpi,ruth,rpi_zero_008,003_20Ah,2,labjack,true,12.9363,1635850867170
rpi,ruth,rpi_zero_007,002_45Ah,4,labjack,true,12.9959,1635850867381
rpi,ruth,rpi_zero_006,004_20Ah,6,labjack,true,13.0116,1635850867586
rpi,ruth,rpi_zero_008,003_20Ah,2,labjack,true,12.9322,1635851167887
rpi,ruth,rpi_zero_007,002_45Ah,4,labjack,true,12.9999,1635851168099
rpi,ruth,rpi_zero_006,004_20Ah,6,labjack,true,13.0077,1635851168307
rpi,ruth,rpi_zero_008,003_20Ah,2,labjack,true,12.9322,1635851468611
rpi,ruth,rpi_zero_007,002_45Ah,4,labjack,true,12.9999,1635851468820
rpi,ruth,rpi_zero_006,004_20Ah,6,labjack,true,13.0116,1635851469027
rpi,ruth,rpi_zero_008,003_20Ah,2,labjack,true,12.9282,1635851769333
rpi,ruth,rpi_zero_007,002_45Ah,4,labjack,true,12.9959,1635851769545
rpi,ruth,rpi_zero_006,004_20Ah,6,labjack,true,13.0116,1635851769750
rpi,ruth,rpi_zero_008,003_20Ah,2,labjack,true,12.9282,1635852070055
rpi,ruth,rpi_zero_007,002_45Ah,4,labjack,true,12.9959,1635852070266
rpi,ruth,rpi_zero_006,004_20Ah,6,labjack,true,13.0156,1635852070472
rpi,ruth,rpi_zero_008,003_20Ah,2,labjack,true,12.9282,1635852370779
rpi,ruth,rpi_zero_007,002_45Ah,4,labjack,true,12.9999,1635852370992
rpi,ruth,rpi_zero_006,004_20Ah,6,labjack,true,13.0236,1635852371198
rpi,ruth,rpi_zero_008,003_20Ah,2,labjack,true,12.9363,1635852671502
rpi,ruth,rpi_zero_007,002_45Ah,4,labjack,true,12.9959,1635852671713
rpi,ruth,rpi_zero_006,004_20Ah,6,labjack,true,13.0156,1635852671917
rpi,ruth,rpi_zero_008,003_20Ah,2,labjack,true,12.9322,1635852972131
rpi,ruth,rpi_zero_007,002_45Ah,4,labjack,true,12.9959,1635852972342
rpi,ruth,rpi_zero_006,004_20Ah,6,labjack,true,13.0196,1635852972545
rpi,ruth,rpi_zero_008,003_20Ah,2,labjack,true,12.9322,1635853272845
rpi,ruth,rpi_zero_007,002_45Ah,4,labjack,true,12.9959,1635853273048
rpi,ruth,rpi_zero_006,004_20Ah,6,labjack,true,13.0236,1635853273249
rpi,ruth,rpi_zero_008,003_20Ah,2,labjack,true,12.9322,1635853573587
rpi,ruth,rpi_zero_007,002_45Ah,4,labjack,true,12.9999,1635853573809
rpi,ruth,rpi_zero_006,004_20Ah,6,labjack,true,13.0196,1635853574011
rpi,ruth,rpi_zero_008,003_20Ah,2,labjack,true,12.9363,1635853874316
rpi,ruth,rpi_zero_007,002_45Ah,4,labjack,true,12.9999,1635853874530
rpi,ruth,rpi_zero_006,004_20Ah,6,labjack,true,13.0116,1635853874741
rpi,ruth,rpi_zero_008,003_20Ah,2,labjack,true,12.9322,1635854175045
rpi,ruth,rpi_zero_007,002_45Ah,4,labjack,true,12.9999,1635854175257
rpi,ruth,rpi_zero_006,004_20Ah,6,labjack,true,13.0116,1635854175458
rpi,ruth,rpi_zero_008,003_20Ah,2,labjack,true,12.9322,1635854475770
rpi,ruth,rpi_zero_007,002_45Ah,4,labjack,true,12.9999,1635854475979
rpi,ruth,rpi_zero_006,004_20Ah,6,labjack,true,13.0275,1635854476180
rpi,ruth,rpi_zero_008,003_20Ah,2,labjack,true,12.9363,1635854776479
rpi,ruth,rpi_zero_007,002_45Ah,4,labjack,true,13.0039,1635854776688
rpi,ruth,rpi_zero_006,004_20Ah,6,labjack,true,13.0196,1635854776893
rpi,ruth,rpi_zero_008,003_20Ah,2,labjack,true,12.9322,1635855077203
rpi,ruth,rpi_zero_007,002_45Ah,4,labjack,true,12.9999,1635855077413
rpi,ruth,rpi_zero_006,004_20Ah,6,labjack,true,13.0156,1635855077617
rpi,ruth,rpi_zero_008,003_20Ah,2,labjack,true,12.9282,1635855377912
rpi,ruth,rpi_zero_007,002_45Ah,4,labjack,true,13.0039,1635855378122
rpi,ruth,rpi_zero_006,004_20Ah,6,labjack,true,13.0077,1635855378328
rpi,ruth,rpi_zero_008,003_20Ah,2,labjack,true,12.9363,1635855678633
rpi,ruth,rpi_zero_007,002_45Ah,4,labjack,true,12.9959,1635855678842
rpi,ruth,rpi_zero_006,004_20Ah,6,labjack,true,13.0156,1635855679046
rpi,ruth,rpi_zero_008,003_20Ah,2,labjack,true,12.9322,1635855979351
rpi,ruth,rpi_zero_007,002_45Ah,4,labjack,true,12.9959,1635855979562
rpi,ruth,rpi_zero_006,004_20Ah,6,labjack,true,13.0156,1635855979767
rpi,ruth,rpi_zero_008,003_20Ah,2,labjack,true,12.9363,1635856280072
rpi,ruth,rpi_zero_007,002_45Ah,4,labjack,true,12.9999,1635856280284
rpi,ruth,rpi_zero_006,004_20Ah,6,labjack,true,13.0156,1635856280489
rpi,ruth,rpi_zero_008,003_20Ah,2,labjack,true,12.9282,1635856580795
rpi,ruth,rpi_zero_007,002_45Ah,4,labjack,true,12.9999,1635856581006
rpi,ruth,rpi_zero_006,004_20Ah,6,labjack,true,13.0077,1635856581209
rpi,ruth,rpi_zero_008,003_20Ah,2,labjack,true,12.9322,1635856881451
rpi,ruth,rpi_zero_007,002_45Ah,4,labjack,true,12.9959,1635856881666
rpi,ruth,rpi_zero_006,004_20Ah,6,labjack,true,13.0156,1635856881871
rpi,ruth,rpi_zero_008,003_20Ah,2,labjack,true,12.9322,1635857182152
rpi,ruth,rpi_zero_007,002_45Ah,4,labjack,true,12.9959,1635857182368
rpi,ruth,rpi_zero_006,004_20Ah,6,labjack,true,13.0077,1635857182573
rpi,ruth,rpi_zero_008,003_20Ah,2,labjack,true,12.9322,1635857482893
rpi,ruth,rpi_zero_007,002_45Ah,4,labjack,true,12.9959,1635857483124
rpi,ruth,rpi_zero_006,004_20Ah,6,labjack,true,13.0156,1635857483324
rpi,ruth,rpi_zero_008,003_20Ah,2,labjack,true,12.9363,1635857783641
rpi,ruth,rpi_zero_007,002_45Ah,4,labjack,true,12.9959,1635857783854
rpi,ruth,rpi_zero_006,004_20Ah,6,labjack,true,13.0116,1635857784060
rpi,ruth,rpi_zero_008,003_20Ah,2,labjack,true,12.9363,1635858084364
rpi,ruth,rpi_zero_007,002_45Ah,4,labjack,true,12.9959,1635858084576
rpi,ruth,rpi_zero_006,004_20Ah,6,labjack,true,13.0196,1635858084786
rpi,ruth,rpi_zero_008,003_20Ah,2,labjack,true,12.9241,1635858385091
rpi,ruth,rpi_zero_007,002_45Ah,4,labjack,true,12.9959,1635858385301
rpi,ruth,rpi_zero_006,004_20Ah,6,labjack,true,13.0156,1635858385505
rpi,ruth,rpi_zero_008,003_20Ah,2,labjack,true,12.9363,1635858685807
rpi,ruth,rpi_zero_007,002_45Ah,4,labjack,true,13.0039,1635858686021
rpi,ruth,rpi_zero_006,004_20Ah,6,labjack,true,13.0156,1635858686224
rpi,ruth,rpi_zero_008,003_20Ah,2,labjack,true,12.9363,1635858986527
rpi,ruth,rpi_zero_007,002_45Ah,4,labjack,true,12.9959,1635858986737
rpi,ruth,rpi_zero_006,004_20Ah,6,labjack,true,13.0156,1635858986960
rpi,ruth,rpi_zero_008,003_20Ah,2,labjack,true,12.9363,1635859287259
rpi,ruth,rpi_zero_007,002_45Ah,4,labjack,true,12.9959,1635859287461
rpi,ruth,rpi_zero_006,004_20Ah,6,labjack,true,13.0116,1635859287670
rpi,ruth,rpi_zero_008,003_20Ah,2,labjack,true,12.9322,1635859587972
rpi,ruth,rpi_zero_007,002_45Ah,4,labjack,true,12.9959,1635859588184
rpi,ruth,rpi_zero_006,004_20Ah,6,labjack,true,13.0156,1635859588388
rpi,ruth,rpi_zero_008,003_20Ah,2,labjack,true,12.9282,1635859888693
rpi,ruth,rpi_zero_007,002_45Ah,4,labjack,true,12.9999,1635859888908
rpi,ruth,rpi_zero_006,004_20Ah,6,labjack,true,13.0116,1635859889113
rpi,ruth,rpi_zero_008,003_20Ah,2,labjack,true,12.9322,1635860189425
rpi,ruth,rpi_zero_007,002_45Ah,4,labjack,true,12.9959,1635860189643
rpi,ruth,rpi_zero_006,004_20Ah,6,labjack,true,13.0196,1635860189851
rpi,ruth,rpi_zero_008,003_20Ah,2,labjack,true,12.9322,1635860490159
rpi,ruth,rpi_zero_007,002_45Ah,4,labjack,true,12.9959,1635860490366
rpi,ruth,rpi_zero_006,004_20Ah,6,labjack,true,13.0116,1635860490569
rpi,ruth,rpi_zero_008,003_20Ah,2,labjack,true,12.9322,1635860790874
rpi,ruth,rpi_zero_007,002_45Ah,4,labjack,true,12.9999,1635860791088
rpi,ruth,rpi_zero_006,004_20Ah,6,labjack,true,13.0156,1635860791290
rpi,ruth,rpi_zero_008,003_20Ah,2,labjack,true,12.9322,1635861091580
rpi,ruth,rpi_zero_007,002_45Ah,4,labjack,true,12.9959,1635861091798
rpi,ruth,rpi_zero_006,004_20Ah,6,labjack,true,13.0077,1635861092005
rpi,ruth,rpi_zero_008,003_20Ah,2,labjack,true,12.9201,1635861392312
rpi,ruth,rpi_zero_007,002_45Ah,4,labjack,true,12.9999,1635861392521
rpi,ruth,rpi_zero_006,004_20Ah,6,labjack,true,13.0156,1635861392723
rpi,ruth,rpi_zero_008,003_20Ah,2,labjack,true,12.9322,1635861693027
rpi,ruth,rpi_zero_007,002_45Ah,4,labjack,true,12.9959,1635861693236
rpi,ruth,rpi_zero_006,004_20Ah,6,labjack,true,13.0116,1635861693437
rpi,ruth,rpi_zero_008,003_20Ah,2,labjack,true,12.9363,1635861993742
rpi,ruth,rpi_zero_007,002_45Ah,4,labjack,true,13.0039,1635861993948
rpi,ruth,rpi_zero_006,004_20Ah,6,labjack,true,13.0275,1635861994158
rpi,ruth,rpi_zero_008,003_20Ah,2,labjack,true,12.9363,1635862294462
rpi,ruth,rpi_zero_007,002_45Ah,4,labjack,true,12.9959,1635862294674
rpi,ruth,rpi_zero_006,004_20Ah,6,labjack,true,13.0116,1635862294876
rpi,ruth,rpi_zero_008,003_20Ah,2,labjack,true,12.9363,1635862595196
rpi,ruth,rpi_zero_007,002_45Ah,4,labjack,true,12.9959,1635862595403
rpi,ruth,rpi_zero_006,004_20Ah,6,labjack,true,13.0116,1635862595608
rpi,ruth,rpi_zero_008,003_20Ah,2,labjack,true,12.9363,1635862895912
rpi,ruth,rpi_zero_007,002_45Ah,4,labjack,true,13.0039,1635862896123
rpi,ruth,rpi_zero_006,004_20Ah,6,labjack,true,13.0196,1635862896327
rpi,ruth,rpi_zero_008,003_20Ah,2,labjack,true,12.9363,1635863196607
rpi,ruth,rpi_zero_007,002_45Ah,4,labjack,true,12.9999,1635863196810
rpi,ruth,rpi_zero_006,004_20Ah,6,labjack,true,13.0156,1635863197044
rpi,ruth,rpi_zero_008,003_20Ah,2,labjack,true,12.9363,1635863497355
rpi,ruth,rpi_zero_007,002_45Ah,4,labjack,true,13.0039,1635863497566
rpi,ruth,rpi_zero_006,004_20Ah,6,labjack,true,13.0156,1635863497778
rpi,ruth,rpi_zero_008,003_20Ah,2,labjack,true,12.9363,1635863798072
rpi,ruth,rpi_zero_007,002_45Ah,4,labjack,true,12.9959,1635863798290
rpi,ruth,rpi_zero_006,004_20Ah,6,labjack,true,13.0116,1635863798504
rpi,ruth,rpi_zero_008,003_20Ah,2,labjack,true,12.9363,1635864098806
rpi,ruth,rpi_zero_007,002_45Ah,4,labjack,true,12.9959,1635864099013
rpi,ruth,rpi_zero_006,004_20Ah,6,labjack,true,13.0196,1635864099224
rpi,ruth,rpi_zero_008,003_20Ah,2,labjack,true,12.9322,1635864399536
rpi,ruth,rpi_zero_007,002_45Ah,4,labjack,true,12.9959,1635864399760
rpi,ruth,rpi_zero_006,004_20Ah,6,labjack,true,13.0196,1635864399974
rpi,ruth,rpi_zero_008,003_20Ah,2,labjack,true,12.9363,1635864700286
rpi,ruth,rpi_zero_007,002_45Ah,4,labjack,true,12.9959,1635864700497
rpi,ruth,rpi_zero_006,004_20Ah,6,labjack,true,13.0156,1635864700702
rpi,ruth,rpi_zero_008,003_20Ah,2,labjack,true,12.9322,1635865001003
rpi,ruth,rpi_zero_007,002_45Ah,4,labjack,true,12.9999,1635865001222
rpi,ruth,rpi_zero_006,004_20Ah,6,labjack,true,13.0116,1635865001427
rpi,ruth,rpi_zero_008,003_20Ah,2,labjack,true,12.9322,1635865301727
rpi,ruth,rpi_zero_007,002_45Ah,4,labjack,true,12.9999,1635865301937
rpi,ruth,rpi_zero_006,004_20Ah,6,labjack,true,13.0236,1635865302141
rpi,ruth,rpi_zero_008,003_20Ah,2,labjack,true,12.9363,1635865602448
rpi,ruth,rpi_zero_007,002_45Ah,4,labjack,true,12.9959,1635865602661
rpi,ruth,rpi_zero_006,004_20Ah,6,labjack,true,13.0077,1635865602865
rpi,ruth,rpi_zero_008,003_20Ah,2,labjack,true,12.9363,1635865903170
rpi,ruth,rpi_zero_007,002_45Ah,4,labjack,true,13.0039,1635865903383
rpi,ruth,rpi_zero_006,004_20Ah,6,labjack,true,13.0156,1635865903586
rpi,ruth,rpi_zero_008,003_20Ah,2,labjack,true,12.9282,1635866203893
rpi,ruth,rpi_zero_007,002_45Ah,4,labjack,true,12.9959,1635866204102
rpi,ruth,rpi_zero_006,004_20Ah,6,labjack,true,13.0116,1635866204308
rpi,ruth,rpi_zero_008,003_20Ah,2,labjack,true,12.9322,1635866504618
rpi,ruth,rpi_zero_007,002_45Ah,4,labjack,true,12.9959,1635866504833
rpi,ruth,rpi_zero_006,004_20Ah,6,labjack,true,13.0077,1635866505040
rpi,ruth,rpi_zero_008,003_20Ah,2,labjack,true,12.9322,1635866805347
rpi,ruth,rpi_zero_007,002_45Ah,4,labjack,true,12.9959,1635866805558
rpi,ruth,rpi_zero_006,004_20Ah,6,labjack,true,13.0156,1635866805763
rpi,ruth,rpi_zero_008,003_20Ah,2,labjack,true,12.9322,1635867106066
rpi,ruth,rpi_zero_007,002_45Ah,4,labjack,true,12.9999,1635867106277
rpi,ruth,rpi_zero_006,004_20Ah,6,labjack,true,13.0196,1635867106482
rpi,ruth,rpi_zero_008,003_20Ah,2,labjack,true,12.9363,1635867406808
rpi,ruth,rpi_zero_007,002_45Ah,4,labjack,true,12.9999,1635867407026
rpi,ruth,rpi_zero_006,004_20Ah,6,labjack,true,13.0116,1635867407235
rpi,ruth,rpi_zero_008,003_20Ah,2,labjack,true,12.9363,1635867707540
rpi,ruth,rpi_zero_007,002_45Ah,4,labjack,true,12.9959,1635867707751
rpi,ruth,rpi_zero_006,004_20Ah,6,labjack,true,13.0077,1635867707957
rpi,ruth,rpi_zero_008,003_20Ah,2,labjack,true,12.9363,1635868008262
rpi,ruth,rpi_zero_007,002_45Ah,4,labjack,true,12.9959,1635868008468
rpi,ruth,rpi_zero_006,004_20Ah,6,labjack,true,13.0156,1635868008686
rpi,ruth,rpi_zero_008,003_20Ah,2,labjack,true,12.9363,1635868308990
rpi,ruth,rpi_zero_007,002_45Ah,4,labjack,true,12.9999,1635868309213
rpi,ruth,rpi_zero_006,004_20Ah,6,labjack,true,13.0077,1635868309519
rpi,ruth,rpi_zero_008,003_20Ah,2,labjack,true,12.9322,1635868609854
rpi,ruth,rpi_zero_007,002_45Ah,4,labjack,true,12.9959,1635868610066
rpi,ruth,rpi_zero_006,004_20Ah,6,labjack,true,13.0196,1635868610266
rpi,ruth,rpi_zero_008,003_20Ah,2,labjack,true,12.9363,1635868910569
rpi,ruth,rpi_zero_007,002_45Ah,4,labjack,true,12.9999,1635868910779
rpi,ruth,rpi_zero_006,004_20Ah,6,labjack,true,13.0156,1635868910984
rpi,ruth,rpi_zero_008,003_20Ah,2,labjack,true,12.9363,1635869211291
rpi,ruth,rpi_zero_007,002_45Ah,4,labjack,true,12.9959,1635869211505
rpi,ruth,rpi_zero_006,004_20Ah,6,labjack,true,13.0156,1635869211709
rpi,ruth,rpi_zero_008,003_20Ah,2,labjack,true,12.9322,1635869512012
rpi,ruth,rpi_zero_007,002_45Ah,4,labjack,true,12.9959,1635869512234
rpi,ruth,rpi_zero_006,004_20Ah,6,labjack,true,13.0116,1635869512437
rpi,ruth,rpi_zero_008,003_20Ah,2,labjack,true,12.9282,1635869812743
rpi,ruth,rpi_zero_007,002_45Ah,4,labjack,true,12.9959,1635869812953
rpi,ruth,rpi_zero_006,004_20Ah,6,labjack,true,13.0156,1635869813155
rpi,ruth,rpi_zero_008,003_20Ah,2,labjack,true,12.9363,1635870113450
rpi,ruth,rpi_zero_007,002_45Ah,4,labjack,true,12.9999,1635870113663
rpi,ruth,rpi_zero_006,004_20Ah,6,labjack,true,13.0077,1635870113865
rpi,ruth,rpi_zero_008,003_20Ah,2,labjack,true,12.9363,1635870414166
rpi,ruth,rpi_zero_007,002_45Ah,4,labjack,true,12.9999,1635870414373
rpi,ruth,rpi_zero_006,004_20Ah,6,labjack,true,13.0196,1635870414574
rpi,ruth,rpi_zero_008,003_20Ah,2,labjack,true,12.9322,1635870714876
rpi,ruth,rpi_zero_007,002_45Ah,4,labjack,true,12.9959,1635870715084
rpi,ruth,rpi_zero_006,004_20Ah,6,labjack,true,13.0275,1635870715286
rpi,ruth,rpi_zero_008,003_20Ah,2,labjack,true,12.9322,1635871015587
rpi,ruth,rpi_zero_007,002_45Ah,4,labjack,true,12.9959,1635871015797
rpi,ruth,rpi_zero_006,004_20Ah,6,labjack,true,13.0275,1635871016001
rpi,ruth,rpi_zero_008,003_20Ah,2,labjack,true,12.9363,1635871316300
rpi,ruth,rpi_zero_007,002_45Ah,4,labjack,true,12.9959,1635871316514
rpi,ruth,rpi_zero_006,004_20Ah,6,labjack,true,13.0116,1635871316733
rpi,ruth,rpi_zero_008,003_20Ah,2,labjack,true,12.9363,1635871617034
rpi,ruth,rpi_zero_007,002_45Ah,4,labjack,true,12.9959,1635871617242
rpi,ruth,rpi_zero_006,004_20Ah,6,labjack,true,13.0116,1635871617445
rpi,ruth,rpi_zero_008,003_20Ah,2,labjack,true,12.9322,1635871917749
rpi,ruth,rpi_zero_007,002_45Ah,4,labjack,true,12.9959,1635871917961
rpi,ruth,rpi_zero_006,004_20Ah,6,labjack,true,13.0236,1635871918164
rpi,ruth,rpi_zero_008,003_20Ah,2,labjack,true,12.9322,1635872218471
rpi,ruth,rpi_zero_007,002_45Ah,4,labjack,true,12.9999,1635872218683
rpi,ruth,rpi_zero_006,004_20Ah,6,labjack,true,13.0156,1635872218884
rpi,ruth,rpi_zero_008,003_20Ah,2,labjack,true,12.9322,1635872519186
rpi,ruth,rpi_zero_007,002_45Ah,4,labjack,true,12.9959,1635872519392
rpi,ruth,rpi_zero_006,004_20Ah,6,labjack,true,13.0156,1635872519593
rpi,ruth,rpi_zero_008,003_20Ah,2,labjack,true,12.9363,1635872819896
rpi,ruth,rpi_zero_007,002_45Ah,4,labjack,true,12.9999,1635872820100
rpi,ruth,rpi_zero_006,004_20Ah,6,labjack,true,13.0196,1635872820336
rpi,ruth,rpi_zero_008,003_20Ah,2,labjack,true,12.9282,1635873120643
rpi,ruth,rpi_zero_007,002_45Ah,4,labjack,true,12.9959,1635873120856
rpi,ruth,rpi_zero_006,004_20Ah,6,labjack,true,13.0156,1635873121060
rpi,ruth,rpi_zero_008,003_20Ah,2,labjack,true,12.9322,1635873421367
rpi,ruth,rpi_zero_007,002_45Ah,4,labjack,true,12.9999,1635873421580
rpi,ruth,rpi_zero_006,004_20Ah,6,labjack,true,13.0116,1635873421784
rpi,ruth,rpi_zero_008,003_20Ah,2,labjack,true,12.9282,1635873722091
rpi,ruth,rpi_zero_007,002_45Ah,4,labjack,true,12.9959,1635873722303
rpi,ruth,rpi_zero_006,004_20Ah,6,labjack,true,13.0196,1635873722506
rpi,ruth,rpi_zero_008,003_20Ah,2,labjack,true,12.9322,1635874022807
rpi,ruth,rpi_zero_007,002_45Ah,4,labjack,true,12.9959,1635874023014
rpi,ruth,rpi_zero_006,004_20Ah,6,labjack,true,13.0156,1635874023220
rpi,ruth,rpi_zero_008,003_20Ah,2,labjack,true,12.9363,1635874323515
rpi,ruth,rpi_zero_007,002_45Ah,4,labjack,true,12.9999,1635874323727
rpi,ruth,rpi_zero_006,004_20Ah,6,labjack,true,13.0156,1635874323934
rpi,ruth,rpi_zero_008,003_20Ah,2,labjack,true,12.9322,1635874624240
rpi,ruth,rpi_zero_007,002_45Ah,4,labjack,true,12.9959,1635874624458
rpi,ruth,rpi_zero_006,004_20Ah,6,labjack,true,13.0156,1635874624667
rpi,ruth,rpi_zero_008,003_20Ah,2,labjack,true,12.9282,1635874924969
rpi,ruth,rpi_zero_007,002_45Ah,4,labjack,true,12.9959,1635874925181
rpi,ruth,rpi_zero_006,004_20Ah,6,labjack,true,13.0196,1635874925384
rpi,ruth,rpi_zero_008,003_20Ah,2,labjack,true,12.9322,1635875225687
rpi,ruth,rpi_zero_007,002_45Ah,4,labjack,true,12.9959,1635875225897
rpi,ruth,rpi_zero_006,004_20Ah,6,labjack,true,13.0116,1635875226102
rpi,ruth,rpi_zero_008,003_20Ah,2,labjack,true,12.9363,1635875526402
rpi,ruth,rpi_zero_007,002_45Ah,4,labjack,true,12.9959,1635875526607
rpi,ruth,rpi_zero_006,004_20Ah,6,labjack,true,13.0077,1635875526863
rpi,ruth,rpi_zero_008,003_20Ah,2,labjack,true,12.9363,1635875827166
rpi,ruth,rpi_zero_007,002_45Ah,4,labjack,true,12.9999,1635875827377
rpi,ruth,rpi_zero_006,004_20Ah,6,labjack,true,13.0116,1635875827582
rpi,ruth,rpi_zero_008,003_20Ah,2,labjack,true,12.9322,1635876127887
rpi,ruth,rpi_zero_007,002_45Ah,4,labjack,true,13.0039,1635876128097
rpi,ruth,rpi_zero_006,004_20Ah,6,labjack,true,13.0037,1635876128301
rpi,ruth,rpi_zero_008,003_20Ah,2,labjack,true,12.9322,1635876428603
rpi,ruth,rpi_zero_007,002_45Ah,4,labjack,true,12.9999,1635876428815
rpi,ruth,rpi_zero_006,004_20Ah,6,labjack,true,13.0116,1635876429019
rpi,ruth,rpi_zero_008,003_20Ah,2,labjack,true,12.9363,1635876729327
rpi,ruth,rpi_zero_007,002_45Ah,4,labjack,true,12.9999,1635876729546
rpi,ruth,rpi_zero_006,004_20Ah,6,labjack,true,13.0156,1635876729770
rpi,ruth,rpi_zero_008,003_20Ah,2,labjack,true,12.9363,1635877030075
rpi,ruth,rpi_zero_007,002_45Ah,4,labjack,true,12.9959,1635877030311
rpi,ruth,rpi_zero_006,004_20Ah,6,labjack,true,13.0196,1635877030562
rpi,ruth,rpi_zero_008,003_20Ah,2,labjack,true,12.9363,1635877330887
rpi,ruth,rpi_zero_007,002_45Ah,4,labjack,true,12.9999,1635877331103
rpi,ruth,rpi_zero_006,004_20Ah,6,labjack,true,13.0037,1635877331309
rpi,ruth,rpi_zero_008,003_20Ah,2,labjack,true,12.9363,1635877631621
rpi,ruth,rpi_zero_007,002_45Ah,4,labjack,true,12.9999,1635877631834
rpi,ruth,rpi_zero_006,004_20Ah,6,labjack,true,13.0077,1635877632047
rpi,ruth,rpi_zero_008,003_20Ah,2,labjack,true,12.9241,1635877932356
rpi,ruth,rpi_zero_007,002_45Ah,4,labjack,true,12.9959,1635877932562
rpi,ruth,rpi_zero_006,004_20Ah,6,labjack,true,13.0156,1635877932766
rpi,ruth,rpi_zero_008,003_20Ah,2,labjack,true,12.9363,1635878233074
rpi,ruth,rpi_zero_007,002_45Ah,4,labjack,true,12.9959,1635878233287
rpi,ruth,rpi_zero_006,004_20Ah,6,labjack,true,13.0077,1635878233493
rpi,ruth,rpi_zero_008,003_20Ah,2,labjack,true,12.9363,1635878533800
rpi,ruth,rpi_zero_007,002_45Ah,4,labjack,true,12.9959,1635878534030
rpi,ruth,rpi_zero_006,004_20Ah,6,labjack,true,13.0236,1635878534231
rpi,ruth,rpi_zero_008,003_20Ah,2,labjack,true,12.9322,1635878834574
rpi,ruth,rpi_zero_007,002_45Ah,4,labjack,true,12.9959,1635878834781
rpi,ruth,rpi_zero_006,004_20Ah,6,labjack,true,13.0236,1635878834986
rpi,ruth,rpi_zero_008,003_20Ah,2,labjack,true,12.9322,1635879135287
rpi,ruth,rpi_zero_007,002_45Ah,4,labjack,true,12.9959,1635879135494
rpi,ruth,rpi_zero_006,004_20Ah,6,labjack,true,13.0156,1635879135700
rpi,ruth,rpi_zero_008,003_20Ah,2,labjack,true,12.9363,1635879436004
rpi,ruth,rpi_zero_007,002_45Ah,4,labjack,true,13.0039,1635879436213
rpi,ruth,rpi_zero_006,004_20Ah,6,labjack,true,13.0037,1635879436418
rpi,ruth,rpi_zero_008,003_20Ah,2,labjack,true,12.9322,1635879736724
rpi,ruth,rpi_zero_007,002_45Ah,4,labjack,true,13.0039,1635879736938
rpi,ruth,rpi_zero_006,004_20Ah,6,labjack,true,13.0156,1635879737142
rpi,ruth,rpi_zero_008,003_20Ah,2,labjack,true,12.9282,1635880037449
rpi,ruth,rpi_zero_007,002_45Ah,4,labjack,true,12.9999,1635880037656
rpi,ruth,rpi_zero_006,004_20Ah,6,labjack,true,13.0196,1635880037854
rpi,ruth,rpi_zero_008,003_20Ah,2,labjack,true,12.9363,1635880338223
rpi,ruth,rpi_zero_007,002_45Ah,4,labjack,true,12.9999,1635880338434
rpi,ruth,rpi_zero_006,004_20Ah,6,labjack,true,13.0196,1635880338639
rpi,ruth,rpi_zero_008,003_20Ah,2,labjack,true,12.9282,1635880638944
rpi,ruth,rpi_zero_007,002_45Ah,4,labjack,true,12.9959,1635880639155
rpi,ruth,rpi_zero_006,004_20Ah,6,labjack,true,13.0156,1635880639364
rpi,ruth,rpi_zero_008,003_20Ah,2,labjack,true,12.9363,1635880939667
rpi,ruth,rpi_zero_007,002_45Ah,4,labjack,true,12.9959,1635880939878
rpi,ruth,rpi_zero_006,004_20Ah,6,labjack,true,13.0077,1635880940084
rpi,ruth,rpi_zero_008,003_20Ah,2,labjack,true,12.9363,1635881240304
rpi,ruth,rpi_zero_007,002_45Ah,4,labjack,true,13.0039,1635881240518
rpi,ruth,rpi_zero_006,004_20Ah,6,labjack,true,13.0275,1635881240726
rpi,ruth,rpi_zero_008,003_20Ah,2,labjack,true,12.9322,1635881540997
rpi,ruth,rpi_zero_007,002_45Ah,4,labjack,true,12.9959,1635881541205
rpi,ruth,rpi_zero_006,004_20Ah,6,labjack,true,13.0236,1635881541468
rpi,ruth,rpi_zero_008,003_20Ah,2,labjack,true,12.9282,1635881841766
rpi,ruth,rpi_zero_007,002_45Ah,4,labjack,true,13.0039,1635881841976
rpi,ruth,rpi_zero_006,004_20Ah,6,labjack,true,13.0156,1635881842230
rpi,ruth,rpi_zero_008,003_20Ah,2,labjack,true,12.9322,1635882142562
rpi,ruth,rpi_zero_007,002_45Ah,4,labjack,true,13.0039,1635882142767
rpi,ruth,rpi_zero_006,004_20Ah,6,labjack,true,13.0077,1635882142998
rpi,ruth,rpi_zero_008,003_20Ah,2,labjack,true,12.9363,1635882443299
rpi,ruth,rpi_zero_007,002_45Ah,4,labjack,true,12.9999,1635882443505
rpi,ruth,rpi_zero_006,004_20Ah,6,labjack,true,13.0196,1635882443707
rpi,ruth,rpi_zero_008,003_20Ah,2,labjack,true,12.9363,1635882744008
rpi,ruth,rpi_zero_007,002_45Ah,4,labjack,true,12.9999,1635882744221
rpi,ruth,rpi_zero_006,004_20Ah,6,labjack,true,13.0156,1635882744423
rpi,ruth,rpi_zero_008,003_20Ah,2,labjack,true,12.9322,1635883044701
rpi,ruth,rpi_zero_007,002_45Ah,4,labjack,true,12.9959,1635883044910
rpi,ruth,rpi_zero_006,004_20Ah,6,labjack,true,13.0156,1635883045116
rpi,ruth,rpi_zero_008,003_20Ah,2,labjack,true,12.9322,1635883345419
rpi,ruth,rpi_zero_007,002_45Ah,4,labjack,true,12.9959,1635883345629
rpi,ruth,rpi_zero_006,004_20Ah,6,labjack,true,13.0116,1635883345838
rpi,ruth,rpi_zero_008,003_20Ah,2,labjack,true,12.9363,1635883646141
rpi,ruth,rpi_zero_007,002_45Ah,4,labjack,true,12.9999,1635883646350
rpi,ruth,rpi_zero_006,004_20Ah,6,labjack,true,13.0156,1635883646553
rpi,ruth,rpi_zero_008,003_20Ah,2,labjack,true,12.9363,1635883946857
rpi,ruth,rpi_zero_007,002_45Ah,4,labjack,true,12.9959,1635883947068
rpi,ruth,rpi_zero_006,004_20Ah,6,labjack,true,13.0196,1635883947269
rpi,ruth,rpi_zero_008,003_20Ah,2,labjack,true,12.9282,1635884247572
rpi,ruth,rpi_zero_007,002_45Ah,4,labjack,true,12.9959,1635884247780
rpi,ruth,rpi_zero_006,004_20Ah,6,labjack,true,13.0116,1635884247984
rpi,ruth,rpi_zero_008,003_20Ah,2,labjack,true,12.9322,1635884548286
rpi,ruth,rpi_zero_007,002_45Ah,4,labjack,true,12.9959,1635884548498
rpi,ruth,rpi_zero_006,004_20Ah,6,labjack,true,13.0116,1635884548719
rpi,ruth,rpi_zero_008,003_20Ah,2,labjack,true,12.9363,1635884849026
rpi,ruth,rpi_zero_007,002_45Ah,4,labjack,true,12.9999,1635884849240
rpi,ruth,rpi_zero_006,004_20Ah,6,labjack,true,13.0077,1635884849449
rpi,ruth,rpi_zero_008,003_20Ah,2,labjack,true,12.9363,1635885149761
rpi,ruth,rpi_zero_007,002_45Ah,4,labjack,true,13.0039,1635885149971
rpi,ruth,rpi_zero_006,004_20Ah,6,labjack,true,13.0156,1635885150176
rpi,ruth,rpi_zero_008,003_20Ah,2,labjack,true,12.9322,1635885450432
rpi,ruth,rpi_zero_007,002_45Ah,4,labjack,true,12.9959,1635885450643
rpi,ruth,rpi_zero_006,004_20Ah,6,labjack,true,13.0196,1635885450849
rpi,ruth,rpi_zero_008,003_20Ah,2,labjack,true,12.9363,1635885751153
rpi,ruth,rpi_zero_007,002_45Ah,4,labjack,true,12.9959,1635885751369
rpi,ruth,rpi_zero_006,004_20Ah,6,labjack,true,13.0196,1635885751575
rpi,ruth,rpi_zero_008,003_20Ah,2,labjack,true,12.9322,1635886051884
rpi,ruth,rpi_zero_007,002_45Ah,4,labjack,true,12.9959,1635886052095
rpi,ruth,rpi_zero_006,004_20Ah,6,labjack,true,13.0116,1635886052302
rpi,ruth,rpi_zero_008,003_20Ah,2,labjack,true,12.9322,1635886352609
rpi,ruth,rpi_zero_007,002_45Ah,4,labjack,true,12.9999,1635886352821
rpi,ruth,rpi_zero_006,004_20Ah,6,labjack,true,13.0116,1635886353028
rpi,ruth,rpi_zero_008,003_20Ah,2,labjack,true,12.9282,1635886653333
rpi,ruth,rpi_zero_007,002_45Ah,4,labjack,true,13.0039,1635886653547
rpi,ruth,rpi_zero_006,004_20Ah,6,labjack,true,13.0116,1635886653756
rpi,ruth,rpi_zero_008,003_20Ah,2,labjack,true,12.9322,1635886954060
rpi,ruth,rpi_zero_007,002_45Ah,4,labjack,true,12.9999,1635886954271
rpi,ruth,rpi_zero_006,004_20Ah,6,labjack,true,13.0116,1635886954478
rpi,ruth,rpi_zero_008,003_20Ah,2,labjack,true,12.9322,1635887254785
rpi,ruth,rpi_zero_007,002_45Ah,4,labjack,true,12.9959,1635887254998
rpi,ruth,rpi_zero_006,004_20Ah,6,labjack,true,13.0156,1635887255206
rpi,ruth,rpi_zero_008,003_20Ah,2,labjack,true,12.9363,1635887555512
rpi,ruth,rpi_zero_007,002_45Ah,4,labjack,true,13.0039,1635887555726
rpi,ruth,rpi_zero_006,004_20Ah,6,labjack,true,13.0077,1635887555932
rpi,ruth,rpi_zero_008,003_20Ah,2,labjack,true,12.9322,1635887856239
rpi,ruth,rpi_zero_007,002_45Ah,4,labjack,true,12.9959,1635887856454
rpi,ruth,rpi_zero_006,004_20Ah,6,labjack,true,13.0236,1635887856661
rpi,ruth,rpi_zero_008,003_20Ah,2,labjack,true,12.9241,1635888156964
rpi,ruth,rpi_zero_007,002_45Ah,4,labjack,true,12.9959,1635888157180
rpi,ruth,rpi_zero_006,004_20Ah,6,labjack,true,13.0196,1635888157387
rpi,ruth,rpi_zero_008,003_20Ah,2,labjack,true,12.9363,1635888457698
rpi,ruth,rpi_zero_007,002_45Ah,4,labjack,true,12.9999,1635888457910
rpi,ruth,rpi_zero_006,004_20Ah,6,labjack,true,13.0236,1635888458113
rpi,ruth,rpi_zero_008,003_20Ah,2,labjack,true,12.9363,1635888758421
rpi,ruth,rpi_zero_007,002_45Ah,4,labjack,true,12.9999,1635888758632
rpi,ruth,rpi_zero_006,004_20Ah,6,labjack,true,13.0236,1635888758837
rpi,ruth,rpi_zero_008,003_20Ah,2,labjack,true,12.9322,1635889059144
rpi,ruth,rpi_zero_007,002_45Ah,4,labjack,true,12.9999,1635889059357
rpi,ruth,rpi_zero_006,004_20Ah,6,labjack,true,13.0275,1635889059567
rpi,ruth,rpi_zero_008,003_20Ah,2,labjack,true,12.9363,1635889359873
rpi,ruth,rpi_zero_007,002_45Ah,4,labjack,true,12.9959,1635889360085
rpi,ruth,rpi_zero_006,004_20Ah,6,labjack,true,13.0196,1635889360290
rpi,ruth,rpi_zero_008,003_20Ah,2,labjack,true,12.9363,1635889660594
rpi,ruth,rpi_zero_007,002_45Ah,4,labjack,true,12.9959,1635889660810
rpi,ruth,rpi_zero_006,004_20Ah,6,labjack,true,13.0196,1635889661016
rpi,ruth,rpi_zero_008,003_20Ah,2,labjack,true,12.9363,1635889961319
rpi,ruth,rpi_zero_007,002_45Ah,4,labjack,true,12.9959,1635889961531
rpi,ruth,rpi_zero_006,004_20Ah,6,labjack,true,13.0156,1635889961745
rpi,ruth,rpi_zero_008,003_20Ah,2,labjack,true,12.9322,1635890262043
rpi,ruth,rpi_zero_007,002_45Ah,4,labjack,true,12.9959,1635890262254
rpi,ruth,rpi_zero_006,004_20Ah,6,labjack,true,13.0196,1635890262458
rpi,ruth,rpi_zero_008,003_20Ah,2,labjack,true,12.9322,1635890562764
rpi,ruth,rpi_zero_007,002_45Ah,4,labjack,true,12.9999,1635890562973
rpi,ruth,rpi_zero_006,004_20Ah,6,labjack,true,13.0156,1635890563182
rpi,ruth,rpi_zero_008,003_20Ah,2,labjack,true,12.9322,1635890863472
rpi,ruth,rpi_zero_007,002_45Ah,4,labjack,true,12.9959,1635890863681
rpi,ruth,rpi_zero_006,004_20Ah,6,labjack,true,13.0236,1635890863884
rpi,ruth,rpi_zero_008,003_20Ah,2,labjack,true,12.9322,1635891164186
rpi,ruth,rpi_zero_007,002_45Ah,4,labjack,true,12.9999,1635891164397
rpi,ruth,rpi_zero_006,004_20Ah,6,labjack,true,13.0196,1635891164602
rpi,ruth,rpi_zero_008,003_20Ah,2,labjack,true,12.9322,1635891464908
rpi,ruth,rpi_zero_007,002_45Ah,4,labjack,true,12.9959,1635891465121
rpi,ruth,rpi_zero_006,004_20Ah,6,labjack,true,13.0315,1635891465328
rpi,ruth,rpi_zero_008,003_20Ah,2,labjack,true,12.9363,1635891765590
rpi,ruth,rpi_zero_007,002_45Ah,4,labjack,true,12.9959,1635891765806
rpi,ruth,rpi_zero_006,004_20Ah,6,labjack,true,13.0196,1635891766012
rpi,ruth,rpi_zero_008,003_20Ah,2,labjack,true,12.9363,1635892066316
rpi,ruth,rpi_zero_007,002_45Ah,4,labjack,true,12.9959,1635892066529
rpi,ruth,rpi_zero_006,004_20Ah,6,labjack,true,13.0196,1635892066735
rpi,ruth,rpi_zero_008,003_20Ah,2,labjack,true,12.9363,1635892367046
rpi,ruth,rpi_zero_007,002_45Ah,4,labjack,true,13.0079,1635892367261
rpi,ruth,rpi_zero_006,004_20Ah,6,labjack,true,13.0196,1635892367468
rpi,ruth,rpi_zero_008,003_20Ah,2,labjack,true,12.9322,1635892667708
rpi,ruth,rpi_zero_007,002_45Ah,4,labjack,true,12.9999,1635892667920
rpi,ruth,rpi_zero_006,004_20Ah,6,labjack,true,13.0156,1635892668126
rpi,ruth,rpi_zero_008,003_20Ah,2,labjack,true,12.9363,1635892968431
rpi,ruth,rpi_zero_007,002_45Ah,4,labjack,true,13.0039,1635892968643
rpi,ruth,rpi_zero_006,004_20Ah,6,labjack,true,13.0196,1635892968847
rpi,ruth,rpi_zero_008,003_20Ah,2,labjack,true,12.9322,1635893269128
rpi,ruth,rpi_zero_007,002_45Ah,4,labjack,true,12.9959,1635893269340
rpi,ruth,rpi_zero_006,004_20Ah,6,labjack,true,13.0156,1635893269555
rpi,ruth,rpi_zero_008,003_20Ah,2,labjack,true,12.9363,1635893569869
rpi,ruth,rpi_zero_007,002_45Ah,4,labjack,true,12.9999,1635893570089
rpi,ruth,rpi_zero_006,004_20Ah,6,labjack,true,13.0196,1635893570296
rpi,ruth,rpi_zero_008,003_20Ah,2,labjack,true,12.9363,1635893870608
rpi,ruth,rpi_zero_007,002_45Ah,4,labjack,true,13.0039,1635893870825
rpi,ruth,rpi_zero_006,004_20Ah,6,labjack,true,13.0116,1635893871032
