#group,false,false,false,false,true,true,true,true,true,true,true
#datatype,string,long,dateTime:RFC3339,double,string,string,string,string,string,string,string
#default,_result,,,,,,,,,,
,result,table,_time,_value,TempCarrier,TempSenKey,TempUlId,TempValid,_field,_measurement,host
,,0,2021-05-30T00:57:47.665Z,8.25,cra,20dafac009a,50x29196abf8,true,TempDecimal,temperature_external,spongebob
,,0,2021-05-30T02:14:52.822Z,7.75,cra,20dafac009a,50x29196abf8,true,TempDecimal,temperature_external,spongebob
,,0,2021-05-30T09:10:57.387Z,10,cra,20dafac009a,50x29196abf8,true,TempDecimal,temperature_external,spongebob
,,0,2021-05-30T11:29:42.426Z,10.875,cra,20dafac009a,50x29196abf8,true,TempDecimal,temperature_external,spongebob
,,0,2021-05-30T12:00:32.705Z,11.125,cra,20dafac009a,50x29196abf8,true,TempDecimal,temperature_external,spongebob
,,0,2021-05-30T12:46:47.543Z,11.25,cra,20dafac009a,50x29196abf8,true,TempDecimal,temperature_external,spongebob
,,0,2021-05-30T18:41:29.103Z,11.875,cra,20dafac009a,50x29196abf8,true,TempDecimal,temperature_external,spongebob
,,0,2021-05-30T19:27:43.222Z,11.375,cra,20dafac009a,50x29196abf8,true,TempDecimal,temperature_external,spongebob
,,0,2021-05-30T20:29:23.402Z,10.5,cra,20dafac009a,50x29196abf8,true,TempDecimal,temperature_external,spongebob
,,0,2021-05-30T21:15:39.504Z,9.6875,cra,20dafac009a,50x29196abf8,true,TempDecimal,temperature_external,spongebob
,,0,2021-05-30T21:46:30.485Z,9.375,cra,20dafac009a,50x29196abf8,true,TempDecimal,temperature_external,spongebob
,,0,2021-05-30T22:17:20.984Z,9,cra,20dafac009a,50x29196abf8,true,TempDecimal,temperature_external,spongebob
,,0,2021-05-30T22:32:46.183Z,8.6875,cra,20dafac009a,50x29196abf8,true,TempDecimal,temperature_external,spongebob
,,0,2021-05-30T23:03:37.042Z,8.75,cra,20dafac009a,50x29196abf8,true,TempDecimal,temperature_external,spongebob
,,0,2021-05-31T00:51:35.923Z,7.6875,cra,20dafac009a,50x29196abf8,true,TempDecimal,temperature_external,spongebob
,,0,2021-05-31T01:37:47.166Z,7.25,cra,20dafac009a,50x29196abf8,true,TempDecimal,temperature_external,spongebob
,,0,2021-05-31T02:08:34.625Z,6.625,cra,20dafac009a,50x29196abf8,true,TempDecimal,temperature_external,spongebob
,,0,2021-05-31T02:23:58.385Z,6.5,cra,20dafac009a,50x29196abf8,true,TempDecimal,temperature_external,spongebob
,,0,2021-05-31T02:54:45.964Z,6.4375,cra,20dafac009a,50x29196abf8,true,TempDecimal,temperature_external,spongebob
,,0,2021-05-31T03:40:57.783Z,6.25,cra,20dafac009a,50x29196abf8,true,TempDecimal,temperature_external,spongebob
,,0,2021-05-31T04:27:10.386Z,6.3125,cra,20dafac009a,50x29196abf8,true,TempDecimal,temperature_external,spongebob
,,0,2021-05-31T05:13:25.244Z,6.6875,cra,20dafac009a,50x29196abf8,true,TempDecimal,temperature_external,spongebob
,,0,2021-05-31T05:44:15.503Z,7.0625,cra,20dafac009a,50x29196abf8,true,TempDecimal,temperature_external,spongebob
,,0,2021-05-31T05:59:40.943Z,7.25,cra,20dafac009a,50x29196abf8,true,TempDecimal,temperature_external,spongebob
,,0,2021-05-31T07:16:46.883Z,8.3125,cra,20dafac009a,50x29196abf8,true,TempDecimal,temperature_external,spongebob
,,1,2021-05-30T00:57:47.665Z,5560,cra,20dafac009a,50x29196abf8,true,TempKey,temperature_external,spongebob
,,1,2021-05-30T02:14:52.822Z,5565,cra,20dafac009a,50x29196abf8,true,TempKey,temperature_external,spongebob
,,1,2021-05-30T09:10:57.387Z,5592,cra,20dafac009a,50x29196abf8,true,TempKey,temperature_external,spongebob
,,1,2021-05-30T11:29:42.426Z,5601,cra,20dafac009a,50x29196abf8,true,TempKey,temperature_external,spongebob
,,1,2021-05-30T12:00:32.705Z,5603,cra,20dafac009a,50x29196abf8,true,TempKey,temperature_external,spongebob
,,1,2021-05-30T12:46:47.543Z,5606,cra,20dafac009a,50x29196abf8,true,TempKey,temperature_external,spongebob
,,1,2021-05-30T18:41:29.103Z,5629,cra,20dafac009a,50x29196abf8,true,TempKey,temperature_external,spongebob
,,1,2021-05-30T19:27:43.222Z,5632,cra,20dafac009a,50x29196abf8,true,TempKey,temperature_external,spongebob
,,1,2021-05-30T20:29:23.402Z,5636,cra,20dafac009a,50x29196abf8,true,TempKey,temperature_external,spongebob
,,1,2021-05-30T21:15:39.504Z,5639,cra,20dafac009a,50x29196abf8,true,TempKey,temperature_external,spongebob
,,1,2021-05-30T21:46:30.485Z,5641,cra,20dafac009a,50x29196abf8,true,TempKey,temperature_external,spongebob
,,1,2021-05-30T22:17:20.984Z,5643,cra,20dafac009a,50x29196abf8,true,TempKey,temperature_external,spongebob
,,1,2021-05-30T22:32:46.183Z,5644,cra,20dafac009a,50x29196abf8,true,TempKey,temperature_external,spongebob
,,1,2021-05-30T23:03:37.042Z,5646,cra,20dafac009a,50x29196abf8,true,TempKey,temperature_external,spongebob
,,1,2021-05-31T00:51:35.923Z,5653,cra,20dafac009a,50x29196abf8,true,TempKey,temperature_external,spongebob
,,1,2021-05-31T01:37:47.166Z,5656,cra,20dafac009a,50x29196abf8,true,TempKey,temperature_external,spongebob
,,1,2021-05-31T02:08:34.625Z,5658,cra,20dafac009a,50x29196abf8,true,TempKey,temperature_external,spongebob
,,1,2021-05-31T02:23:58.385Z,5659,cra,20dafac009a,50x29196abf8,true,TempKey,temperature_external,spongebob
,,1,2021-05-31T02:54:45.964Z,5661,cra,20dafac009a,50x29196abf8,true,TempKey,temperature_external,spongebob
,,1,2021-05-31T03:40:57.783Z,5664,cra,20dafac009a,50x29196abf8,true,TempKey,temperature_external,spongebob
,,1,2021-05-31T04:27:10.386Z,5667,cra,20dafac009a,50x29196abf8,true,TempKey,temperature_external,spongebob
,,1,2021-05-31T05:13:25.244Z,5670,cra,20dafac009a,50x29196abf8,true,TempKey,temperature_external,spongebob
,,1,2021-05-31T05:44:15.503Z,5672,cra,20dafac009a,50x29196abf8,true,TempKey,temperature_external,spongebob
,,1,2021-05-31T05:59:40.943Z,5673,cra,20dafac009a,50x29196abf8,true,TempKey,temperature_external,spongebob
,,1,2021-05-31T07:16:46.883Z,5678,cra,20dafac009a,50x29196abf8,true,TempKey,temperature_external,spongebob
,,2,2021-05-30T00:57:47.665Z,9.5,cra,5ee0fac0028,50x29196abf8,true,TempDecimal,temperature_external,spongebob
,,2,2021-05-30T02:14:52.822Z,8.9375,cra,5ee0fac0028,50x29196abf8,true,TempDecimal,temperature_external,spongebob
,,2,2021-05-30T09:10:57.387Z,10.4375,cra,5ee0fac0028,50x29196abf8,true,TempDecimal,temperature_external,spongebob
,,2,2021-05-30T11:29:42.426Z,11.625,cra,5ee0fac0028,50x29196abf8,true,TempDecimal,temperature_external,spongebob
,,2,2021-05-30T12:00:32.705Z,11.8125,cra,5ee0fac0028,50x29196abf8,true,TempDecimal,temperature_external,spongebob
,,2,2021-05-30T12:46:47.543Z,11.9375,cra,5ee0fac0028,50x29196abf8,true,TempDecimal,temperature_external,spongebob
,,2,2021-05-30T18:41:29.103Z,12.0625,cra,5ee0fac0028,50x29196abf8,true,TempDecimal,temperature_external,spongebob
,,2,2021-05-30T19:27:43.222Z,11.5,cra,5ee0fac0028,50x29196abf8,true,TempDecimal,temperature_external,spongebob
,,2,2021-05-30T20:29:23.402Z,10.5625,cra,5ee0fac0028,50x29196abf8,true,TempDecimal,temperature_external,spongebob
,,2,2021-05-30T21:15:39.504Z,9.4375,cra,5ee0fac0028,50x29196abf8,true,TempDecimal,temperature_external,spongebob
,,2,2021-05-30T21:46:30.485Z,9.3125,cra,5ee0fac0028,50x29196abf8,true,TempDecimal,temperature_external,spongebob
,,2,2021-05-30T22:17:20.984Z,8.875,cra,5ee0fac0028,50x29196abf8,true,TempDecimal,temperature_external,spongebob
,,2,2021-05-30T22:32:46.183Z,8.4375,cra,5ee0fac0028,50x29196abf8,true,TempDecimal,temperature_external,spongebob
,,2,2021-05-30T23:03:37.042Z,8.625,cra,5ee0fac0028,50x29196abf8,true,TempDecimal,temperature_external,spongebob
,,2,2021-05-31T00:51:35.923Z,7.625,cra,5ee0fac0028,50x29196abf8,true,TempDecimal,temperature_external,spongebob
,,2,2021-05-31T01:37:47.166Z,7.125,cra,5ee0fac0028,50x29196abf8,true,TempDecimal,temperature_external,spongebob
,,2,2021-05-31T02:08:34.625Z,6,cra,5ee0fac0028,50x29196abf8,true,TempDecimal,temperature_external,spongebob
,,2,2021-05-31T02:23:58.385Z,6.125,cra,5ee0fac0028,50x29196abf8,true,TempDecimal,temperature_external,spongebob
,,2,2021-05-31T02:54:45.964Z,6.0625,cra,5ee0fac0028,50x29196abf8,true,TempDecimal,temperature_external,spongebob
,,2,2021-05-31T03:40:57.783Z,6.1875,cra,5ee0fac0028,50x29196abf8,true,TempDecimal,temperature_external,spongebob
,,2,2021-05-31T04:27:10.386Z,6.25,cra,5ee0fac0028,50x29196abf8,true,TempDecimal,temperature_external,spongebob
,,2,2021-05-31T05:13:25.244Z,6.625,cra,5ee0fac0028,50x29196abf8,true,TempDecimal,temperature_external,spongebob
,,2,2021-05-31T05:44:15.503Z,7,cra,5ee0fac0028,50x29196abf8,true,TempDecimal,temperature_external,spongebob
,,2,2021-05-31T05:59:40.943Z,7.25,cra,5ee0fac0028,50x29196abf8,true,TempDecimal,temperature_external,spongebob
,,2,2021-05-31T07:16:46.883Z,8.5625,cra,5ee0fac0028,50x29196abf8,true,TempDecimal,temperature_external,spongebob
,,3,2021-05-30T00:57:47.665Z,5560,cra,5ee0fac0028,50x29196abf8,true,TempKey,temperature_external,spongebob
,,3,2021-05-30T02:14:52.822Z,5565,cra,5ee0fac0028,50x29196abf8,true,TempKey,temperature_external,spongebob
,,3,2021-05-30T09:10:57.387Z,5592,cra,5ee0fac0028,50x29196abf8,true,TempKey,temperature_external,spongebob
,,3,2021-05-30T11:29:42.426Z,5601,cra,5ee0fac0028,50x29196abf8,true,TempKey,temperature_external,spongebob
,,3,2021-05-30T12:00:32.705Z,5603,cra,5ee0fac0028,50x29196abf8,true,TempKey,temperature_external,spongebob
,,3,2021-05-30T12:46:47.543Z,5606,cra,5ee0fac0028,50x29196abf8,true,TempKey,temperature_external,spongebob
,,3,2021-05-30T18:41:29.103Z,5629,cra,5ee0fac0028,50x29196abf8,true,TempKey,temperature_external,spongebob
,,3,2021-05-30T19:27:43.222Z,5632,cra,5ee0fac0028,50x29196abf8,true,TempKey,temperature_external,spongebob
,,3,2021-05-30T20:29:23.402Z,5636,cra,5ee0fac0028,50x29196abf8,true,TempKey,temperature_external,spongebob
,,3,2021-05-30T21:15:39.504Z,5639,cra,5ee0fac0028,50x29196abf8,true,TempKey,temperature_external,spongebob
,,3,2021-05-30T21:46:30.485Z,5641,cra,5ee0fac0028,50x29196abf8,true,TempKey,temperature_external,spongebob
,,3,2021-05-30T22:17:20.984Z,5643,cra,5ee0fac0028,50x29196abf8,true,TempKey,temperature_external,spongebob
,,3,2021-05-30T22:32:46.183Z,5644,cra,5ee0fac0028,50x29196abf8,true,TempKey,temperature_external,spongebob
,,3,2021-05-30T23:03:37.042Z,5646,cra,5ee0fac0028,50x29196abf8,true,TempKey,temperature_external,spongebob
,,3,2021-05-31T00:51:35.923Z,5653,cra,5ee0fac0028,50x29196abf8,true,TempKey,temperature_external,spongebob
,,3,2021-05-31T01:37:47.166Z,5656,cra,5ee0fac0028,50x29196abf8,true,TempKey,temperature_external,spongebob
,,3,2021-05-31T02:08:34.625Z,5658,cra,5ee0fac0028,50x29196abf8,true,TempKey,temperature_external,spongebob
,,3,2021-05-31T02:23:58.385Z,5659,cra,5ee0fac0028,50x29196abf8,true,TempKey,temperature_external,spongebob
,,3,2021-05-31T02:54:45.964Z,5661,cra,5ee0fac0028,50x29196abf8,true,TempKey,temperature_external,spongebob
,,3,2021-05-31T03:40:57.783Z,5664,cra,5ee0fac0028,50x29196abf8,true,TempKey,temperature_external,spongebob
,,3,2021-05-31T04:27:10.386Z,5667,cra,5ee0fac0028,50x29196abf8,true,TempKey,temperature_external,spongebob
,,3,2021-05-31T05:13:25.244Z,5670,cra,5ee0fac0028,50x29196abf8,true,TempKey,temperature_external,spongebob
,,3,2021-05-31T05:44:15.503Z,5672,cra,5ee0fac0028,50x29196abf8,true,TempKey,temperature_external,spongebob
,,3,2021-05-31T05:59:40.943Z,5673,cra,5ee0fac0028,50x29196abf8,true,TempKey,temperature_external,spongebob
,,3,2021-05-31T07:16:46.883Z,5678,cra,5ee0fac0028,50x29196abf8,true,TempKey,temperature_external,spongebob
,,4,2021-05-30T01:54:57.663Z,8.5,cra,6fd3774d20179,98f4ab6f6370,true,TempDecimal,temperature_external,spongebob
,,4,2021-05-30T06:17:36.226Z,9.1875,cra,6fd3774d20179,98f4ab6f6370,true,TempDecimal,temperature_external,spongebob
,,4,2021-05-30T09:07:07.967Z,11.375,cra,6fd3774d20179,98f4ab6f6370,true,TempDecimal,temperature_external,spongebob
,,5,2021-05-30T01:54:57.663Z,2683,cra,6fd3774d20179,98f4ab6f6370,true,TempKey,temperature_external,spongebob
,,5,2021-05-30T06:17:36.226Z,2700,cra,6fd3774d20179,98f4ab6f6370,true,TempKey,temperature_external,spongebob
,,5,2021-05-30T09:07:07.967Z,2711,cra,6fd3774d20179,98f4ab6f6370,true,TempKey,temperature_external,spongebob
,,6,2021-05-30T00:57:47.665Z,9.4375,cra,b686fbc00a2,50x29196abf8,true,TempDecimal,temperature_external,spongebob
,,6,2021-05-30T02:14:52.822Z,8.9375,cra,b686fbc00a2,50x29196abf8,true,TempDecimal,temperature_external,spongebob
,,6,2021-05-30T09:10:57.387Z,10.9375,cra,b686fbc00a2,50x29196abf8,true,TempDecimal,temperature_external,spongebob
,,6,2021-05-30T11:29:42.426Z,12.375,cra,b686fbc00a2,50x29196abf8,true,TempDecimal,temperature_external,spongebob
,,6,2021-05-30T12:00:32.705Z,12,cra,b686fbc00a2,50x29196abf8,true,TempDecimal,temperature_external,spongebob
,,6,2021-05-30T12:46:47.543Z,12.4375,cra,b686fbc00a2,50x29196abf8,true,TempDecimal,temperature_external,spongebob
,,6,2021-05-30T18:41:29.103Z,11.875,cra,b686fbc00a2,50x29196abf8,true,TempDecimal,temperature_external,spongebob
,,6,2021-05-30T19:27:43.222Z,10.5,cra,b686fbc00a2,50x29196abf8,true,TempDecimal,temperature_external,spongebob
,,6,2021-05-30T20:29:23.402Z,8.75,cra,b686fbc00a2,50x29196abf8,true,TempDecimal,temperature_external,spongebob
,,6,2021-05-30T21:15:39.504Z,8.1875,cra,b686fbc00a2,50x29196abf8,true,TempDecimal,temperature_external,spongebob
,,6,2021-05-30T21:46:30.485Z,7.75,cra,b686fbc00a2,50x29196abf8,true,TempDecimal,temperature_external,spongebob
,,6,2021-05-30T22:17:20.984Z,7.4375,cra,b686fbc00a2,50x29196abf8,true,TempDecimal,temperature_external,spongebob
,,6,2021-05-30T22:32:46.183Z,7,cra,b686fbc00a2,50x29196abf8,true,TempDecimal,temperature_external,spongebob
,,6,2021-05-30T23:03:37.042Z,7.25,cra,b686fbc00a2,50x29196abf8,true,TempDecimal,temperature_external,spongebob
,,6,2021-05-31T00:51:35.923Z,5.9375,cra,b686fbc00a2,50x29196abf8,true,TempDecimal,temperature_external,spongebob
,,6,2021-05-31T01:37:47.166Z,5.5625,cra,b686fbc00a2,50x29196abf8,true,TempDecimal,temperature_external,spongebob
,,6,2021-05-31T02:08:34.625Z,4.9375,cra,b686fbc00a2,50x29196abf8,true,TempDecimal,temperature_external,spongebob
,,6,2021-05-31T02:23:58.385Z,4.8125,cra,b686fbc00a2,50x29196abf8,true,TempDecimal,temperature_external,spongebob
,,6,2021-05-31T02:54:45.964Z,4.375,cra,b686fbc00a2,50x29196abf8,true,TempDecimal,temperature_external,spongebob
,,6,2021-05-31T03:40:57.783Z,4.5,cra,b686fbc00a2,50x29196abf8,true,TempDecimal,temperature_external,spongebob
,,6,2021-05-31T04:27:10.386Z,5.4375,cra,b686fbc00a2,50x29196abf8,true,TempDecimal,temperature_external,spongebob
,,6,2021-05-31T05:13:25.244Z,6.6875,cra,b686fbc00a2,50x29196abf8,true,TempDecimal,temperature_external,spongebob
,,6,2021-05-31T05:44:15.503Z,7.4375,cra,b686fbc00a2,50x29196abf8,true,TempDecimal,temperature_external,spongebob
,,6,2021-05-31T05:59:40.943Z,7.875,cra,b686fbc00a2,50x29196abf8,true,TempDecimal,temperature_external,spongebob
,,6,2021-05-31T07:16:46.883Z,10.1875,cra,b686fbc00a2,50x29196abf8,true,TempDecimal,temperature_external,spongebob
,,7,2021-05-30T00:57:47.665Z,5560,cra,b686fbc00a2,50x29196abf8,true,TempKey,temperature_external,spongebob
,,7,2021-05-30T02:14:52.822Z,5565,cra,b686fbc00a2,50x29196abf8,true,TempKey,temperature_external,spongebob
,,7,2021-05-30T09:10:57.387Z,5592,cra,b686fbc00a2,50x29196abf8,true,TempKey,temperature_external,spongebob
,,7,2021-05-30T11:29:42.426Z,5601,cra,b686fbc00a2,50x29196abf8,true,TempKey,temperature_external,spongebob
,,7,2021-05-30T12:00:32.705Z,5603,cra,b686fbc00a2,50x29196abf8,true,TempKey,temperature_external,spongebob
,,7,2021-05-30T12:46:47.543Z,5606,cra,b686fbc00a2,50x29196abf8,true,TempKey,temperature_external,spongebob
,,7,2021-05-30T18:41:29.103Z,5629,cra,b686fbc00a2,50x29196abf8,true,TempKey,temperature_external,spongebob
,,7,2021-05-30T19:27:43.222Z,5632,cra,b686fbc00a2,50x29196abf8,true,TempKey,temperature_external,spongebob
,,7,2021-05-30T20:29:23.402Z,5636,cra,b686fbc00a2,50x29196abf8,true,TempKey,temperature_external,spongebob
,,7,2021-05-30T21:15:39.504Z,5639,cra,b686fbc00a2,50x29196abf8,true,TempKey,temperature_external,spongebob
,,7,2021-05-30T21:46:30.485Z,5641,cra,b686fbc00a2,50x29196abf8,true,TempKey,temperature_external,spongebob
,,7,2021-05-30T22:17:20.984Z,5643,cra,b686fbc00a2,50x29196abf8,true,TempKey,temperature_external,spongebob
,,7,2021-05-30T22:32:46.183Z,5644,cra,b686fbc00a2,50x29196abf8,true,TempKey,temperature_external,spongebob
,,7,2021-05-30T23:03:37.042Z,5646,cra,b686fbc00a2,50x29196abf8,true,TempKey,temperature_external,spongebob
,,7,2021-05-31T00:51:35.923Z,5653,cra,b686fbc00a2,50x29196abf8,true,TempKey,temperature_external,spongebob
,,7,2021-05-31T01:37:47.166Z,5656,cra,b686fbc00a2,50x29196abf8,true,TempKey,temperature_external,spongebob
,,7,2021-05-31T02:08:34.625Z,5658,cra,b686fbc00a2,50x29196abf8,true,TempKey,temperature_external,spongebob
,,7,2021-05-31T02:23:58.385Z,5659,cra,b686fbc00a2,50x29196abf8,true,TempKey,temperature_external,spongebob
,,7,2021-05-31T02:54:45.964Z,5661,cra,b686fbc00a2,50x29196abf8,true,TempKey,temperature_external,spongebob
,,7,2021-05-31T03:40:57.783Z,5664,cra,b686fbc00a2,50x29196abf8,true,TempKey,temperature_external,spongebob
,,7,2021-05-31T04:27:10.386Z,5667,cra,b686fbc00a2,50x29196abf8,true,TempKey,temperature_external,spongebob
,,7,2021-05-31T05:13:25.244Z,5670,cra,b686fbc00a2,50x29196abf8,true,TempKey,temperature_external,spongebob
,,7,2021-05-31T05:44:15.503Z,5672,cra,b686fbc00a2,50x29196abf8,true,TempKey,temperature_external,spongebob
,,7,2021-05-31T05:59:40.943Z,5673,cra,b686fbc00a2,50x29196abf8,true,TempKey,temperature_external,spongebob
,,7,2021-05-31T07:16:46.883Z,5678,cra,b686fbc00a2,50x29196abf8,true,TempKey,temperature_external,spongebob
,,8,2021-05-30T01:54:57.663Z,8.375,cra,d45b782520169,98f4ab6f6370,true,TempDecimal,temperature_external,spongebob
,,8,2021-05-30T06:17:36.226Z,9.1875,cra,d45b782520169,98f4ab6f6370,true,TempDecimal,temperature_external,spongebob
,,8,2021-05-30T09:07:07.967Z,11.3125,cra,d45b782520169,98f4ab6f6370,true,TempDecimal,temperature_external,spongebob
,,9,2021-05-30T01:54:57.663Z,2683,cra,d45b782520169,98f4ab6f6370,true,TempKey,temperature_external,spongebob
,,9,2021-05-30T06:17:36.226Z,2700,cra,d45b782520169,98f4ab6f6370,true,TempKey,temperature_external,spongebob
,,9,2021-05-30T09:07:07.967Z,2711,cra,d45b782520169,98f4ab6f6370,true,TempKey,temperature_external,spongebob
,,10,2021-05-30T01:54:57.663Z,8.5,cra,f1685d25201f,98f4ab6f6370,true,TempDecimal,temperature_external,spongebob
,,10,2021-05-30T06:17:36.226Z,9.25,cra,f1685d25201f,98f4ab6f6370,true,TempDecimal,temperature_external,spongebob
,,10,2021-05-30T09:07:07.967Z,11.4375,cra,f1685d25201f,98f4ab6f6370,true,TempDecimal,temperature_external,spongebob
,,11,2021-05-30T01:54:57.663Z,2683,cra,f1685d25201f,98f4ab6f6370,true,TempKey,temperature_external,spongebob
,,11,2021-05-30T06:17:36.226Z,2700,cra,f1685d25201f,98f4ab6f6370,true,TempKey,temperature_external,spongebob
,,11,2021-05-30T09:07:07.967Z,2711,cra,f1685d25201f,98f4ab6f6370,true,TempKey,temperature_external,spongebob

#group,false,false,false,false,true,true,true,true,true,true,true
#datatype,string,long,dateTime:RFC3339,double,string,string,string,string,string,string,string
#default,_result,,,,,,,,,,
,result,table,_time,_value,ScaleCarrier,ScaleSenKey,ScaleUlId,ScaleValid,_field,_measurement,host
,,12,2021-05-30T01:54:57.663Z,42.542,cra,5,98f4ab6f6370,true,ScaleDecimal,scale,spongebob
,,12,2021-05-30T06:17:36.226Z,42.535,cra,5,98f4ab6f6370,true,ScaleDecimal,scale,spongebob
,,12,2021-05-30T09:07:07.967Z,42.475,cra,5,98f4ab6f6370,true,ScaleDecimal,scale,spongebob
,,13,2021-05-30T01:54:57.663Z,2683,cra,5,98f4ab6f6370,true,ScaleKey,scale,spongebob
,,13,2021-05-30T06:17:36.226Z,2700,cra,5,98f4ab6f6370,true,ScaleKey,scale,spongebob
,,13,2021-05-30T09:07:07.967Z,2711,cra,5,98f4ab6f6370,true,ScaleKey,scale,spongebob
,,14,2021-05-30T00:57:47.665Z,43.221,cra,6,50x29196abf8,true,ScaleDecimal,scale,spongebob
,,14,2021-05-30T02:14:52.822Z,43.2,cra,6,50x29196abf8,true,ScaleDecimal,scale,spongebob
,,14,2021-05-30T09:10:57.387Z,43.098,cra,6,50x29196abf8,true,ScaleDecimal,scale,spongebob
,,14,2021-05-30T11:29:42.426Z,43.019,cra,6,50x29196abf8,true,ScaleDecimal,scale,spongebob
,,14,2021-05-30T12:00:32.705Z,42.977,cra,6,50x29196abf8,true,ScaleDecimal,scale,spongebob
,,14,2021-05-30T12:46:47.543Z,42.938,cra,6,50x29196abf8,true,ScaleDecimal,scale,spongebob
,,14,2021-05-30T18:41:29.103Z,42.967,cra,6,50x29196abf8,true,ScaleDecimal,scale,spongebob
,,14,2021-05-30T19:27:43.222Z,42.968,cra,6,50x29196abf8,true,ScaleDecimal,scale,spongebob
,,14,2021-05-30T20:29:23.402Z,42.962,cra,6,50x29196abf8,true,ScaleDecimal,scale,spongebob
,,14,2021-05-30T21:15:39.504Z,42.959,cra,6,50x29196abf8,true,ScaleDecimal,scale,spongebob
,,14,2021-05-30T21:46:30.485Z,42.959,cra,6,50x29196abf8,true,ScaleDecimal,scale,spongebob
,,14,2021-05-30T22:17:20.984Z,42.95,cra,6,50x29196abf8,true,ScaleDecimal,scale,spongebob
,,14,2021-05-30T22:32:46.183Z,42.947,cra,6,50x29196abf8,true,ScaleDecimal,scale,spongebob
,,14,2021-05-30T23:03:37.042Z,42.938,cra,6,50x29196abf8,true,ScaleDecimal,scale,spongebob
,,14,2021-05-31T00:51:35.923Z,42.934,cra,6,50x29196abf8,true,ScaleDecimal,scale,spongebob
,,14,2021-05-31T01:37:47.166Z,42.929,cra,6,50x29196abf8,true,ScaleDecimal,scale,spongebob
,,14,2021-05-31T02:08:34.625Z,42.921,cra,6,50x29196abf8,true,ScaleDecimal,scale,spongebob
,,14,2021-05-31T02:23:58.385Z,42.923,cra,6,50x29196abf8,true,ScaleDecimal,scale,spongebob
,,14,2021-05-31T02:54:45.964Z,42.917,cra,6,50x29196abf8,true,ScaleDecimal,scale,spongebob
,,14,2021-05-31T03:40:57.783Z,42.915,cra,6,50x29196abf8,true,ScaleDecimal,scale,spongebob
,,14,2021-05-31T04:27:10.386Z,42.881,cra,6,50x29196abf8,true,ScaleDecimal,scale,spongebob
,,14,2021-05-31T05:13:25.244Z,42.863,cra,6,50x29196abf8,true,ScaleDecimal,scale,spongebob
,,14,2021-05-31T05:44:15.503Z,42.862,cra,6,50x29196abf8,true,ScaleDecimal,scale,spongebob
,,14,2021-05-31T05:59:40.943Z,42.865,cra,6,50x29196abf8,true,ScaleDecimal,scale,spongebob
,,14,2021-05-31T07:16:46.883Z,42.825,cra,6,50x29196abf8,true,ScaleDecimal,scale,spongebob
,,15,2021-05-30T00:57:47.665Z,5560,cra,6,50x29196abf8,true,ScaleKey,scale,spongebob
,,15,2021-05-30T02:14:52.822Z,5565,cra,6,50x29196abf8,true,ScaleKey,scale,spongebob
,,15,2021-05-30T09:10:57.387Z,5592,cra,6,50x29196abf8,true,ScaleKey,scale,spongebob
,,15,2021-05-30T11:29:42.426Z,5601,cra,6,50x29196abf8,true,ScaleKey,scale,spongebob
,,15,2021-05-30T12:00:32.705Z,5603,cra,6,50x29196abf8,true,ScaleKey,scale,spongebob
,,15,2021-05-30T12:46:47.543Z,5606,cra,6,50x29196abf8,true,ScaleKey,scale,spongebob
,,15,2021-05-30T18:41:29.103Z,5629,cra,6,50x29196abf8,true,ScaleKey,scale,spongebob
,,15,2021-05-30T19:27:43.222Z,5632,cra,6,50x29196abf8,true,ScaleKey,scale,spongebob
,,15,2021-05-30T20:29:23.402Z,5636,cra,6,50x29196abf8,true,ScaleKey,scale,spongebob
,,15,2021-05-30T21:15:39.504Z,5639,cra,6,50x29196abf8,true,ScaleKey,scale,spongebob
,,15,2021-05-30T21:46:30.485Z,5641,cra,6,50x29196abf8,true,ScaleKey,scale,spongebob
,,15,2021-05-30T22:17:20.984Z,5643,cra,6,50x29196abf8,true,ScaleKey,scale,spongebob
,,15,2021-05-30T22:32:46.183Z,5644,cra,6,50x29196abf8,true,ScaleKey,scale,spongebob
,,15,2021-05-30T23:03:37.042Z,5646,cra,6,50x29196abf8,true,ScaleKey,scale,spongebob
,,15,2021-05-31T00:51:35.923Z,5653,cra,6,50x29196abf8,true,ScaleKey,scale,spongebob
,,15,2021-05-31T01:37:47.166Z,5656,cra,6,50x29196abf8,true,ScaleKey,scale,spongebob
,,15,2021-05-31T02:08:34.625Z,5658,cra,6,50x29196abf8,true,ScaleKey,scale,spongebob
,,15,2021-05-31T02:23:58.385Z,5659,cra,6,50x29196abf8,true,ScaleKey,scale,spongebob
,,15,2021-05-31T02:54:45.964Z,5661,cra,6,50x29196abf8,true,ScaleKey,scale,spongebob
,,15,2021-05-31T03:40:57.783Z,5664,cra,6,50x29196abf8,true,ScaleKey,scale,spongebob
,,15,2021-05-31T04:27:10.386Z,5667,cra,6,50x29196abf8,true,ScaleKey,scale,spongebob
,,15,2021-05-31T05:13:25.244Z,5670,cra,6,50x29196abf8,true,ScaleKey,scale,spongebob
,,15,2021-05-31T05:44:15.503Z,5672,cra,6,50x29196abf8,true,ScaleKey,scale,spongebob
,,15,2021-05-31T05:59:40.943Z,5673,cra,6,50x29196abf8,true,ScaleKey,scale,spongebob
,,15,2021-05-31T07:16:46.883Z,5678,cra,6,50x29196abf8,true,ScaleKey,scale,spongebob

#group,false,false,false,false,true,true,true,true,true,true,true
#datatype,string,long,dateTime:RFC3339,double,string,string,string,string,string,string,string
#default,_result,,,,,,,,,,
,result,table,_time,_value,BatCarrier,BatSenKey,BatUlId,BatValid,_field,_measurement,host
,,16,2021-05-30T00:57:47.665Z,8.3,cra,13,50x29196abf8,true,BatDecimal,battery_adc,spongebob
,,16,2021-05-30T02:14:52.822Z,8.31,cra,13,50x29196abf8,true,BatDecimal,battery_adc,spongebob
,,16,2021-05-30T09:10:57.387Z,8.3,cra,13,50x29196abf8,true,BatDecimal,battery_adc,spongebob
,,16,2021-05-30T11:29:42.426Z,8.31,cra,13,50x29196abf8,true,BatDecimal,battery_adc,spongebob
,,16,2021-05-30T12:00:32.705Z,8.31,cra,13,50x29196abf8,true,BatDecimal,battery_adc,spongebob
,,16,2021-05-30T12:46:47.543Z,8.31,cra,13,50x29196abf8,true,BatDecimal,battery_adc,spongebob
,,16,2021-05-30T18:41:29.103Z,8.31,cra,13,50x29196abf8,true,BatDecimal,battery_adc,spongebob
,,16,2021-05-30T19:27:43.222Z,8.31,cra,13,50x29196abf8,true,BatDecimal,battery_adc,spongebob
,,16,2021-05-30T20:29:23.402Z,8.31,cra,13,50x29196abf8,true,BatDecimal,battery_adc,spongebob
,,16,2021-05-30T21:15:39.504Z,8.31,cra,13,50x29196abf8,true,BatDecimal,battery_adc,spongebob
,,16,2021-05-30T21:46:30.485Z,8.3,cra,13,50x29196abf8,true,BatDecimal,battery_adc,spongebob
,,16,2021-05-30T22:17:20.984Z,8.3,cra,13,50x29196abf8,true,BatDecimal,battery_adc,spongebob
,,16,2021-05-30T22:32:46.183Z,8.3,cra,13,50x29196abf8,true,BatDecimal,battery_adc,spongebob
,,16,2021-05-30T23:03:37.042Z,8.3,cra,13,50x29196abf8,true,BatDecimal,battery_adc,spongebob
,,16,2021-05-31T00:51:35.923Z,8.3,cra,13,50x29196abf8,true,BatDecimal,battery_adc,spongebob
,,16,2021-05-31T01:37:47.166Z,8.3,cra,13,50x29196abf8,true,BatDecimal,battery_adc,spongebob
,,16,2021-05-31T02:08:34.625Z,8.3,cra,13,50x29196abf8,true,BatDecimal,battery_adc,spongebob
,,16,2021-05-31T02:23:58.385Z,8.3,cra,13,50x29196abf8,true,BatDecimal,battery_adc,spongebob
,,16,2021-05-31T02:54:45.964Z,8.3,cra,13,50x29196abf8,true,BatDecimal,battery_adc,spongebob
,,16,2021-05-31T03:40:57.783Z,8.3,cra,13,50x29196abf8,true,BatDecimal,battery_adc,spongebob
,,16,2021-05-31T04:27:10.386Z,8.31,cra,13,50x29196abf8,true,BatDecimal,battery_adc,spongebob
,,16,2021-05-31T05:13:25.244Z,8.3,cra,13,50x29196abf8,true,BatDecimal,battery_adc,spongebob
,,16,2021-05-31T05:44:15.503Z,8.3,cra,13,50x29196abf8,true,BatDecimal,battery_adc,spongebob
,,16,2021-05-31T05:59:40.943Z,8.3,cra,13,50x29196abf8,true,BatDecimal,battery_adc,spongebob
,,16,2021-05-31T07:16:46.883Z,8.31,cra,13,50x29196abf8,true,BatDecimal,battery_adc,spongebob
,,17,2021-05-30T00:57:47.665Z,5560,cra,13,50x29196abf8,true,BatKey,battery_adc,spongebob
,,17,2021-05-30T02:14:52.822Z,5565,cra,13,50x29196abf8,true,BatKey,battery_adc,spongebob
,,17,2021-05-30T09:10:57.387Z,5592,cra,13,50x29196abf8,true,BatKey,battery_adc,spongebob
,,17,2021-05-30T11:29:42.426Z,5601,cra,13,50x29196abf8,true,BatKey,battery_adc,spongebob
,,17,2021-05-30T12:00:32.705Z,5603,cra,13,50x29196abf8,true,BatKey,battery_adc,spongebob
,,17,2021-05-30T12:46:47.543Z,5606,cra,13,50x29196abf8,true,BatKey,battery_adc,spongebob
,,17,2021-05-30T18:41:29.103Z,5629,cra,13,50x29196abf8,true,BatKey,battery_adc,spongebob
,,17,2021-05-30T19:27:43.222Z,5632,cra,13,50x29196abf8,true,BatKey,battery_adc,spongebob
,,17,2021-05-30T20:29:23.402Z,5636,cra,13,50x29196abf8,true,BatKey,battery_adc,spongebob
,,17,2021-05-30T21:15:39.504Z,5639,cra,13,50x29196abf8,true,BatKey,battery_adc,spongebob
,,17,2021-05-30T21:46:30.485Z,5641,cra,13,50x29196abf8,true,BatKey,battery_adc,spongebob
,,17,2021-05-30T22:17:20.984Z,5643,cra,13,50x29196abf8,true,BatKey,battery_adc,spongebob
,,17,2021-05-30T22:32:46.183Z,5644,cra,13,50x29196abf8,true,BatKey,battery_adc,spongebob
,,17,2021-05-30T23:03:37.042Z,5646,cra,13,50x29196abf8,true,BatKey,battery_adc,spongebob
,,17,2021-05-31T00:51:35.923Z,5653,cra,13,50x29196abf8,true,BatKey,battery_adc,spongebob
,,17,2021-05-31T01:37:47.166Z,5656,cra,13,50x29196abf8,true,BatKey,battery_adc,spongebob
,,17,2021-05-31T02:08:34.625Z,5658,cra,13,50x29196abf8,true,BatKey,battery_adc,spongebob
,,17,2021-05-31T02:23:58.385Z,5659,cra,13,50x29196abf8,true,BatKey,battery_adc,spongebob
,,17,2021-05-31T02:54:45.964Z,5661,cra,13,50x29196abf8,true,BatKey,battery_adc,spongebob
,,17,2021-05-31T03:40:57.783Z,5664,cra,13,50x29196abf8,true,BatKey,battery_adc,spongebob
,,17,2021-05-31T04:27:10.386Z,5667,cra,13,50x29196abf8,true,BatKey,battery_adc,spongebob
,,17,2021-05-31T05:13:25.244Z,5670,cra,13,50x29196abf8,true,BatKey,battery_adc,spongebob
,,17,2021-05-31T05:44:15.503Z,5672,cra,13,50x29196abf8,true,BatKey,battery_adc,spongebob
,,17,2021-05-31T05:59:40.943Z,5673,cra,13,50x29196abf8,true,BatKey,battery_adc,spongebob
,,17,2021-05-31T07:16:46.883Z,5678,cra,13,50x29196abf8,true,BatKey,battery_adc,spongebob
,,18,2021-05-30T00:34:03.494Z,7.14,cra,23,24xac494d4f0,true,BatDecimal,battery_adc,spongebob
,,18,2021-05-30T01:04:49.496Z,7.13,cra,23,24xac494d4f0,true,BatDecimal,battery_adc,spongebob
,,18,2021-05-30T01:35:25.873Z,7.12,cra,23,24xac494d4f0,true,BatDecimal,battery_adc,spongebob
,,18,2021-05-30T02:06:01.931Z,7.12,cra,23,24xac494d4f0,true,BatDecimal,battery_adc,spongebob
,,18,2021-05-30T02:36:28.63Z,7.11,cra,23,24xac494d4f0,true,BatDecimal,battery_adc,spongebob
,,18,2021-05-30T03:37:42.41Z,7.1,cra,23,24xac494d4f0,true,BatDecimal,battery_adc,spongebob
,,18,2021-05-30T04:08:09.091Z,7.1,cra,23,24xac494d4f0,true,BatDecimal,battery_adc,spongebob
,,18,2021-05-30T04:38:44.911Z,7.09,cra,23,24xac494d4f0,true,BatDecimal,battery_adc,spongebob
,,18,2021-05-30T05:09:20.471Z,7.08,cra,23,24xac494d4f0,true,BatDecimal,battery_adc,spongebob
,,18,2021-05-30T05:39:58.552Z,7.08,cra,23,24xac494d4f0,true,BatDecimal,battery_adc,spongebob
,,18,2021-05-30T06:10:45.354Z,7.07,cra,23,24xac494d4f0,true,BatDecimal,battery_adc,spongebob
,,18,2021-05-30T07:12:00.393Z,7.06,cra,23,24xac494d4f0,true,BatDecimal,battery_adc,spongebob
,,18,2021-05-30T07:42:36.911Z,7.06,cra,23,24xac494d4f0,true,BatDecimal,battery_adc,spongebob
,,18,2021-05-30T08:13:14.992Z,7.05,cra,23,24xac494d4f0,true,BatDecimal,battery_adc,spongebob
,,18,2021-05-30T09:14:22.994Z,7.04,cra,23,24xac494d4f0,true,BatDecimal,battery_adc,spongebob
,,18,2021-05-30T09:44:57.991Z,7.03,cra,23,24xac494d4f0,true,BatDecimal,battery_adc,spongebob
,,18,2021-05-30T10:15:31.754Z,7.03,cra,23,24xac494d4f0,true,BatDecimal,battery_adc,spongebob
,,18,2021-05-30T10:46:04.854Z,7.03,cra,23,24xac494d4f0,true,BatDecimal,battery_adc,spongebob
,,18,2021-05-30T11:16:40.614Z,7.02,cra,23,24xac494d4f0,true,BatDecimal,battery_adc,spongebob
,,18,2021-05-30T11:47:15.871Z,7.02,cra,23,24xac494d4f0,true,BatDecimal,battery_adc,spongebob
,,18,2021-05-30T12:48:45.392Z,7,cra,23,24xac494d4f0,true,BatDecimal,battery_adc,spongebob
,,18,2021-05-30T13:19:29.353Z,7,cra,23,24xac494d4f0,true,BatDecimal,battery_adc,spongebob
,,18,2021-05-30T13:50:13.445Z,7,cra,23,24xac494d4f0,true,BatDecimal,battery_adc,spongebob
,,18,2021-05-30T14:20:58.296Z,6.99,cra,23,24xac494d4f0,true,BatDecimal,battery_adc,spongebob
,,18,2021-05-30T15:52:40.715Z,6.98,cra,23,24xac494d4f0,true,BatDecimal,battery_adc,spongebob
,,18,2021-05-30T16:23:26.234Z,6.97,cra,23,24xac494d4f0,true,BatDecimal,battery_adc,spongebob
,,18,2021-05-30T16:54:10.45Z,6.97,cra,23,24xac494d4f0,true,BatDecimal,battery_adc,spongebob
,,18,2021-05-30T17:24:46.69Z,6.96,cra,23,24xac494d4f0,true,BatDecimal,battery_adc,spongebob
,,18,2021-05-30T17:55:10.634Z,6.96,cra,23,24xac494d4f0,true,BatDecimal,battery_adc,spongebob
,,18,2021-05-30T18:56:18.37Z,6.94,cra,23,24xac494d4f0,true,BatDecimal,battery_adc,spongebob
,,18,2021-05-30T19:26:43.549Z,6.94,cra,23,24xac494d4f0,true,BatDecimal,battery_adc,spongebob
,,18,2021-05-30T19:57:17.89Z,6.94,cra,23,24xac494d4f0,true,BatDecimal,battery_adc,spongebob
,,18,2021-05-30T20:58:29.371Z,6.92,cra,23,24xac494d4f0,true,BatDecimal,battery_adc,spongebob
,,18,2021-05-30T21:29:14.294Z,6.92,cra,23,24xac494d4f0,true,BatDecimal,battery_adc,spongebob
,,18,2021-05-30T21:59:48.933Z,6.91,cra,23,24xac494d4f0,true,BatDecimal,battery_adc,spongebob
,,18,2021-05-30T22:30:34.091Z,6.91,cra,23,24xac494d4f0,true,BatDecimal,battery_adc,spongebob
,,18,2021-05-30T23:01:09.771Z,6.9,cra,23,24xac494d4f0,true,BatDecimal,battery_adc,spongebob
,,18,2021-05-30T23:31:44.532Z,6.89,cra,23,24xac494d4f0,true,BatDecimal,battery_adc,spongebob
,,18,2021-05-31T00:02:30.113Z,6.89,cra,23,24xac494d4f0,true,BatDecimal,battery_adc,spongebob
,,18,2021-05-31T00:32:55.773Z,6.88,cra,23,24xac494d4f0,true,BatDecimal,battery_adc,spongebob
,,18,2021-05-31T01:34:04.315Z,6.87,cra,23,24xac494d4f0,true,BatDecimal,battery_adc,spongebob
,,18,2021-05-31T02:04:29.094Z,6.86,cra,23,24xac494d4f0,true,BatDecimal,battery_adc,spongebob
,,18,2021-05-31T03:05:39.971Z,6.85,cra,23,24xac494d4f0,true,BatDecimal,battery_adc,spongebob
,,18,2021-05-31T03:36:14.571Z,6.84,cra,23,24xac494d4f0,true,BatDecimal,battery_adc,spongebob
,,18,2021-05-31T04:06:39.606Z,6.83,cra,23,24xac494d4f0,true,BatDecimal,battery_adc,spongebob
,,18,2021-05-31T05:07:38.414Z,6.81,cra,23,24xac494d4f0,true,BatDecimal,battery_adc,spongebob
,,18,2021-05-31T05:38:13.37Z,6.8,cra,23,24xac494d4f0,true,BatDecimal,battery_adc,spongebob
,,18,2021-05-31T06:39:25.057Z,6.78,cra,23,24xac494d4f0,true,BatDecimal,battery_adc,spongebob
,,18,2021-05-31T07:10:01.872Z,6.77,cra,23,24xac494d4f0,true,BatDecimal,battery_adc,spongebob
,,18,2021-05-31T08:11:13.633Z,6.75,cra,23,24xac494d4f0,true,BatDecimal,battery_adc,spongebob
,,18,2021-05-31T08:41:59.174Z,6.74,cra,23,24xac494d4f0,true,BatDecimal,battery_adc,spongebob
,,19,2021-05-30T00:34:03.494Z,4370,cra,23,24xac494d4f0,true,BatKey,battery_adc,spongebob
,,19,2021-05-30T01:04:49.496Z,4371,cra,23,24xac494d4f0,true,BatKey,battery_adc,spongebob
,,19,2021-05-30T01:35:25.873Z,4372,cra,23,24xac494d4f0,true,BatKey,battery_adc,spongebob
,,19,2021-05-30T02:06:01.931Z,4373,cra,23,24xac494d4f0,true,BatKey,battery_adc,spongebob
,,19,2021-05-30T02:36:28.63Z,4374,cra,23,24xac494d4f0,true,BatKey,battery_adc,spongebob
,,19,2021-05-30T03:37:42.41Z,4376,cra,23,24xac494d4f0,true,BatKey,battery_adc,spongebob
,,19,2021-05-30T04:08:09.091Z,4377,cra,23,24xac494d4f0,true,BatKey,battery_adc,spongebob
,,19,2021-05-30T04:38:44.911Z,4378,cra,23,24xac494d4f0,true,BatKey,battery_adc,spongebob
,,19,2021-05-30T05:09:20.471Z,4379,cra,23,24xac494d4f0,true,BatKey,battery_adc,spongebob
,,19,2021-05-30T05:39:58.552Z,4380,cra,23,24xac494d4f0,true,BatKey,battery_adc,spongebob
,,19,2021-05-30T06:10:45.354Z,4381,cra,23,24xac494d4f0,true,BatKey,battery_adc,spongebob
,,19,2021-05-30T07:12:00.393Z,4383,cra,23,24xac494d4f0,true,BatKey,battery_adc,spongebob
,,19,2021-05-30T07:42:36.911Z,4384,cra,23,24xac494d4f0,true,BatKey,battery_adc,spongebob
,,19,2021-05-30T08:13:14.992Z,4385,cra,23,24xac494d4f0,true,BatKey,battery_adc,spongebob
,,19,2021-05-30T09:14:22.994Z,4387,cra,23,24xac494d4f0,true,BatKey,battery_adc,spongebob
,,19,2021-05-30T09:44:57.991Z,4388,cra,23,24xac494d4f0,true,BatKey,battery_adc,spongebob
,,19,2021-05-30T10:15:31.754Z,4389,cra,23,24xac494d4f0,true,BatKey,battery_adc,spongebob
,,19,2021-05-30T10:46:04.854Z,4390,cra,23,24xac494d4f0,true,BatKey,battery_adc,spongebob
,,19,2021-05-30T11:16:40.614Z,4391,cra,23,24xac494d4f0,true,BatKey,battery_adc,spongebob
,,19,2021-05-30T11:47:15.871Z,4392,cra,23,24xac494d4f0,true,BatKey,battery_adc,spongebob
,,19,2021-05-30T12:48:45.392Z,4394,cra,23,24xac494d4f0,true,BatKey,battery_adc,spongebob
,,19,2021-05-30T13:19:29.353Z,4395,cra,23,24xac494d4f0,true,BatKey,battery_adc,spongebob
,,19,2021-05-30T13:50:13.445Z,4396,cra,23,24xac494d4f0,true,BatKey,battery_adc,spongebob
,,19,2021-05-30T14:20:58.296Z,4397,cra,23,24xac494d4f0,true,BatKey,battery_adc,spongebob
,,19,2021-05-30T15:52:40.715Z,4400,cra,23,24xac494d4f0,true,BatKey,battery_adc,spongebob
,,19,2021-05-30T16:23:26.234Z,4401,cra,23,24xac494d4f0,true,BatKey,battery_adc,spongebob
,,19,2021-05-30T16:54:10.45Z,4402,cra,23,24xac494d4f0,true,BatKey,battery_adc,spongebob
,,19,2021-05-30T17:24:46.69Z,4403,cra,23,24xac494d4f0,true,BatKey,battery_adc,spongebob
,,19,2021-05-30T17:55:10.634Z,4404,cra,23,24xac494d4f0,true,BatKey,battery_adc,spongebob
,,19,2021-05-30T18:56:18.37Z,4406,cra,23,24xac494d4f0,true,BatKey,battery_adc,spongebob
,,19,2021-05-30T19:26:43.549Z,4407,cra,23,24xac494d4f0,true,BatKey,battery_adc,spongebob
,,19,2021-05-30T19:57:17.89Z,4408,cra,23,24xac494d4f0,true,BatKey,battery_adc,spongebob
,,19,2021-05-30T20:58:29.371Z,4410,cra,23,24xac494d4f0,true,BatKey,battery_adc,spongebob
,,19,2021-05-30T21:29:14.294Z,4411,cra,23,24xac494d4f0,true,BatKey,battery_adc,spongebob
,,19,2021-05-30T21:59:48.933Z,4412,cra,23,24xac494d4f0,true,BatKey,battery_adc,spongebob
,,19,2021-05-30T22:30:34.091Z,4413,cra,23,24xac494d4f0,true,BatKey,battery_adc,spongebob
,,19,2021-05-30T23:01:09.771Z,4414,cra,23,24xac494d4f0,true,BatKey,battery_adc,spongebob
,,19,2021-05-30T23:31:44.532Z,4415,cra,23,24xac494d4f0,true,BatKey,battery_adc,spongebob
,,19,2021-05-31T00:02:30.113Z,4416,cra,23,24xac494d4f0,true,BatKey,battery_adc,spongebob
,,19,2021-05-31T00:32:55.773Z,4417,cra,23,24xac494d4f0,true,BatKey,battery_adc,spongebob
,,19,2021-05-31T01:34:04.315Z,4419,cra,23,24xac494d4f0,true,BatKey,battery_adc,spongebob
,,19,2021-05-31T02:04:29.094Z,4420,cra,23,24xac494d4f0,true,BatKey,battery_adc,spongebob
,,19,2021-05-31T03:05:39.971Z,4422,cra,23,24xac494d4f0,true,BatKey,battery_adc,spongebob
,,19,2021-05-31T03:36:14.571Z,4423,cra,23,24xac494d4f0,true,BatKey,battery_adc,spongebob
,,19,2021-05-31T04:06:39.606Z,4424,cra,23,24xac494d4f0,true,BatKey,battery_adc,spongebob
,,19,2021-05-31T05:07:38.414Z,4426,cra,23,24xac494d4f0,true,BatKey,battery_adc,spongebob
,,19,2021-05-31T05:38:13.37Z,4427,cra,23,24xac494d4f0,true,BatKey,battery_adc,spongebob
,,19,2021-05-31T06:39:25.057Z,4429,cra,23,24xac494d4f0,true,BatKey,battery_adc,spongebob
,,19,2021-05-31T07:10:01.872Z,4430,cra,23,24xac494d4f0,true,BatKey,battery_adc,spongebob
,,19,2021-05-31T08:11:13.633Z,4432,cra,23,24xac494d4f0,true,BatKey,battery_adc,spongebob
,,19,2021-05-31T08:41:59.174Z,4433,cra,23,24xac494d4f0,true,BatKey,battery_adc,spongebob
,,20,2021-05-30T00:00:37.202Z,8.2,cra,24,24xac494d38c,true,BatDecimal,battery_adc,spongebob
,,20,2021-05-30T00:06:14.651Z,8.21,cra,24,24xac494d38c,true,BatDecimal,battery_adc,spongebob
,,20,2021-05-30T00:11:52.045Z,8.21,cra,24,24xac494d38c,true,BatDecimal,battery_adc,spongebob
,,20,2021-05-30T00:17:29.646Z,8.2,cra,24,24xac494d38c,true,BatDecimal,battery_adc,spongebob
,,20,2021-05-30T00:23:17.373Z,8.2,cra,24,24xac494d38c,true,BatDecimal,battery_adc,spongebob
,,20,2021-05-30T00:28:54.954Z,8.2,cra,24,24xac494d38c,true,BatDecimal,battery_adc,spongebob
,,20,2021-05-30T00:34:42.495Z,8.21,cra,24,24xac494d38c,true,BatDecimal,battery_adc,spongebob
,,20,2021-05-30T00:40:30.294Z,8.2,cra,24,24xac494d38c,true,BatDecimal,battery_adc,spongebob
,,20,2021-05-30T00:46:07.834Z,8.2,cra,24,24xac494d38c,true,BatDecimal,battery_adc,spongebob
,,20,2021-05-30T00:51:55.353Z,8.21,cra,24,24xac494d38c,true,BatDecimal,battery_adc,spongebob
,,20,2021-05-30T01:03:10.614Z,8.2,cra,24,24xac494d38c,true,BatDecimal,battery_adc,spongebob
,,20,2021-05-30T01:08:48.505Z,8.18,cra,24,24xac494d38c,true,BatDecimal,battery_adc,spongebob
,,20,2021-05-30T01:14:36.346Z,8.18,cra,24,24xac494d38c,true,BatDecimal,battery_adc,spongebob
,,20,2021-05-30T01:26:12.293Z,8.18,cra,24,24xac494d38c,true,BatDecimal,battery_adc,spongebob
,,20,2021-05-30T01:31:51.764Z,8.18,cra,24,24xac494d38c,true,BatDecimal,battery_adc,spongebob
,,20,2021-05-30T01:37:37.334Z,8.18,cra,24,24xac494d38c,true,BatDecimal,battery_adc,spongebob
,,20,2021-05-30T01:43:12.927Z,8.18,cra,24,24xac494d38c,true,BatDecimal,battery_adc,spongebob
,,20,2021-05-30T01:54:34.112Z,8.18,cra,24,24xac494d38c,true,BatDecimal,battery_adc,spongebob
,,20,2021-05-30T02:05:55.722Z,8.18,cra,24,24xac494d38c,true,BatDecimal,battery_adc,spongebob
,,20,2021-05-30T02:11:41.362Z,8.18,cra,24,24xac494d38c,true,BatDecimal,battery_adc,spongebob
,,20,2021-05-30T02:22:52.782Z,8.18,cra,24,24xac494d38c,true,BatDecimal,battery_adc,spongebob
,,20,2021-05-30T02:28:38.431Z,8.18,cra,24,24xac494d38c,true,BatDecimal,battery_adc,spongebob
,,20,2021-05-30T02:34:24.362Z,8.17,cra,24,24xac494d38c,true,BatDecimal,battery_adc,spongebob
,,20,2021-05-30T02:40:10.432Z,8.16,cra,24,24xac494d38c,true,BatDecimal,battery_adc,spongebob
,,20,2021-05-30T02:51:22.09Z,8.16,cra,24,24xac494d38c,true,BatDecimal,battery_adc,spongebob
,,20,2021-05-30T02:56:57.971Z,8.16,cra,24,24xac494d38c,true,BatDecimal,battery_adc,spongebob
,,20,2021-05-30T03:02:43.961Z,8.17,cra,24,24xac494d38c,true,BatDecimal,battery_adc,spongebob
,,20,2021-05-30T03:08:20.181Z,8.17,cra,24,24xac494d38c,true,BatDecimal,battery_adc,spongebob
,,20,2021-05-30T03:13:56.13Z,8.16,cra,24,24xac494d38c,true,BatDecimal,battery_adc,spongebob
,,20,2021-05-30T03:19:31.862Z,8.14,cra,24,24xac494d38c,true,BatDecimal,battery_adc,spongebob
,,20,2021-05-30T03:25:08.171Z,8.17,cra,24,24xac494d38c,true,BatDecimal,battery_adc,spongebob
,,20,2021-05-30T03:30:44.17Z,8.17,cra,24,24xac494d38c,true,BatDecimal,battery_adc,spongebob
,,20,2021-05-30T03:36:30.33Z,8.14,cra,24,24xac494d38c,true,BatDecimal,battery_adc,spongebob
,,20,2021-05-30T03:42:06.771Z,8.14,cra,24,24xac494d38c,true,BatDecimal,battery_adc,spongebob
,,20,2021-05-30T03:47:43.011Z,8.14,cra,24,24xac494d38c,true,BatDecimal,battery_adc,spongebob
,,20,2021-05-30T03:53:19.171Z,8.14,cra,24,24xac494d38c,true,BatDecimal,battery_adc,spongebob
,,20,2021-05-30T03:59:05.391Z,8.16,cra,24,24xac494d38c,true,BatDecimal,battery_adc,spongebob
,,20,2021-05-30T04:10:17.731Z,8.14,cra,24,24xac494d38c,true,BatDecimal,battery_adc,spongebob
,,20,2021-05-30T04:27:06.571Z,8.13,cra,24,24xac494d38c,true,BatDecimal,battery_adc,spongebob
,,20,2021-05-30T04:44:05.671Z,8.14,cra,24,24xac494d38c,true,BatDecimal,battery_adc,spongebob
,,20,2021-05-30T05:01:05.171Z,8.13,cra,24,24xac494d38c,true,BatDecimal,battery_adc,spongebob
,,20,2021-05-30T05:12:18.151Z,8.13,cra,24,24xac494d38c,true,BatDecimal,battery_adc,spongebob
,,20,2021-05-30T05:17:54.651Z,8.12,cra,24,24xac494d38c,true,BatDecimal,battery_adc,spongebob
,,20,2021-05-30T05:29:07.672Z,8.13,cra,24,24xac494d38c,true,BatDecimal,battery_adc,spongebob
,,20,2021-05-30T05:34:54.352Z,8.13,cra,24,24xac494d38c,true,BatDecimal,battery_adc,spongebob
,,20,2021-05-30T05:51:54.344Z,8.12,cra,24,24xac494d38c,true,BatDecimal,battery_adc,spongebob
,,20,2021-05-30T05:57:31.113Z,8.12,cra,24,24xac494d38c,true,BatDecimal,battery_adc,spongebob
,,20,2021-05-30T06:03:07.605Z,8.12,cra,24,24xac494d38c,true,BatDecimal,battery_adc,spongebob
,,20,2021-05-30T06:08:54.214Z,8.1,cra,24,24xac494d38c,true,BatDecimal,battery_adc,spongebob
,,20,2021-05-30T06:14:31.126Z,8.13,cra,24,24xac494d38c,true,BatDecimal,battery_adc,spongebob
,,20,2021-05-30T06:25:44.795Z,8.12,cra,24,24xac494d38c,true,BatDecimal,battery_adc,spongebob
,,20,2021-05-30T06:31:21.696Z,8.1,cra,24,24xac494d38c,true,BatDecimal,battery_adc,spongebob
,,20,2021-05-30T06:36:58.736Z,8.1,cra,24,24xac494d38c,true,BatDecimal,battery_adc,spongebob
,,20,2021-05-30T06:42:35.816Z,8.1,cra,24,24xac494d38c,true,BatDecimal,battery_adc,spongebob
,,20,2021-05-30T06:48:12.637Z,8.12,cra,24,24xac494d38c,true,BatDecimal,battery_adc,spongebob
,,20,2021-05-30T06:59:26.756Z,8.1,cra,24,24xac494d38c,true,BatDecimal,battery_adc,spongebob
,,20,2021-05-30T07:05:03.914Z,8.1,cra,24,24xac494d38c,true,BatDecimal,battery_adc,spongebob
,,20,2021-05-30T07:10:41.073Z,8.1,cra,24,24xac494d38c,true,BatDecimal,battery_adc,spongebob
,,20,2021-05-30T07:16:18.093Z,8.09,cra,24,24xac494d38c,true,BatDecimal,battery_adc,spongebob
,,20,2021-05-30T07:22:05.393Z,8.1,cra,24,24xac494d38c,true,BatDecimal,battery_adc,spongebob
,,20,2021-05-30T07:33:19.683Z,8.09,cra,24,24xac494d38c,true,BatDecimal,battery_adc,spongebob
,,20,2021-05-30T07:44:33.751Z,8.09,cra,24,24xac494d38c,true,BatDecimal,battery_adc,spongebob
,,20,2021-05-30T07:50:10.89Z,8.1,cra,24,24xac494d38c,true,BatDecimal,battery_adc,spongebob
,,20,2021-05-30T07:55:58.29Z,8.1,cra,24,24xac494d38c,true,BatDecimal,battery_adc,spongebob
,,20,2021-05-30T08:01:45.37Z,8.08,cra,24,24xac494d38c,true,BatDecimal,battery_adc,spongebob
,,20,2021-05-30T08:07:22.502Z,8.09,cra,24,24xac494d38c,true,BatDecimal,battery_adc,spongebob
,,20,2021-05-30T08:12:59.652Z,8.07,cra,24,24xac494d38c,true,BatDecimal,battery_adc,spongebob
,,20,2021-05-30T08:18:37.013Z,8.08,cra,24,24xac494d38c,true,BatDecimal,battery_adc,spongebob
,,20,2021-05-30T08:24:24.335Z,8.09,cra,24,24xac494d38c,true,BatDecimal,battery_adc,spongebob
,,20,2021-05-30T08:30:01.675Z,8.09,cra,24,24xac494d38c,true,BatDecimal,battery_adc,spongebob
,,20,2021-05-30T08:35:38.735Z,8.08,cra,24,24xac494d38c,true,BatDecimal,battery_adc,spongebob
,,20,2021-05-30T08:41:15.757Z,8.08,cra,24,24xac494d38c,true,BatDecimal,battery_adc,spongebob
,,20,2021-05-30T08:47:03.246Z,8.07,cra,24,24xac494d38c,true,BatDecimal,battery_adc,spongebob
,,20,2021-05-30T08:52:40.934Z,8.06,cra,24,24xac494d38c,true,BatDecimal,battery_adc,spongebob
,,20,2021-05-30T08:58:28.446Z,8.07,cra,24,24xac494d38c,true,BatDecimal,battery_adc,spongebob
,,20,2021-05-30T09:04:05.934Z,8.07,cra,24,24xac494d38c,true,BatDecimal,battery_adc,spongebob
,,20,2021-05-30T09:09:43.527Z,8.07,cra,24,24xac494d38c,true,BatDecimal,battery_adc,spongebob
,,20,2021-05-30T09:15:21.174Z,8.05,cra,24,24xac494d38c,true,BatDecimal,battery_adc,spongebob
,,20,2021-05-30T09:26:36.552Z,8.06,cra,24,24xac494d38c,true,BatDecimal,battery_adc,spongebob
,,20,2021-05-30T09:32:24.251Z,8.05,cra,24,24xac494d38c,true,BatDecimal,battery_adc,spongebob
,,20,2021-05-30T09:43:39.611Z,8.06,cra,24,24xac494d38c,true,BatDecimal,battery_adc,spongebob
,,20,2021-05-30T09:49:27.311Z,8.04,cra,24,24xac494d38c,true,BatDecimal,battery_adc,spongebob
,,20,2021-05-30T09:55:05.133Z,8.05,cra,24,24xac494d38c,true,BatDecimal,battery_adc,spongebob
,,20,2021-05-30T10:11:58.554Z,8.04,cra,24,24xac494d38c,true,BatDecimal,battery_adc,spongebob
,,20,2021-05-30T10:23:13.654Z,8.04,cra,24,24xac494d38c,true,BatDecimal,battery_adc,spongebob
,,20,2021-05-30T10:34:34.753Z,8.03,cra,24,24xac494d38c,true,BatDecimal,battery_adc,spongebob
,,20,2021-05-30T10:40:20.433Z,8.03,cra,24,24xac494d38c,true,BatDecimal,battery_adc,spongebob
,,20,2021-05-30T12:27:21.345Z,7.99,cra,24,24xac494d38c,true,BatDecimal,battery_adc,spongebob
,,20,2021-05-30T12:32:53.854Z,7.99,cra,24,24xac494d38c,true,BatDecimal,battery_adc,spongebob
,,20,2021-05-30T12:38:40.394Z,8,cra,24,24xac494d38c,true,BatDecimal,battery_adc,spongebob
,,20,2021-05-30T12:44:25.933Z,7.98,cra,24,24xac494d38c,true,BatDecimal,battery_adc,spongebob
,,20,2021-05-30T12:50:01.632Z,7.98,cra,24,24xac494d38c,true,BatDecimal,battery_adc,spongebob
,,20,2021-05-30T12:55:37.734Z,7.99,cra,24,24xac494d38c,true,BatDecimal,battery_adc,spongebob
,,20,2021-05-30T13:01:35.071Z,7.99,cra,24,24xac494d38c,true,BatDecimal,battery_adc,spongebob
,,20,2021-05-30T13:07:10.77Z,7.99,cra,24,24xac494d38c,true,BatDecimal,battery_adc,spongebob
,,20,2021-05-30T13:12:46.692Z,7.98,cra,24,24xac494d38c,true,BatDecimal,battery_adc,spongebob
,,20,2021-05-30T13:18:23.532Z,7.98,cra,24,24xac494d38c,true,BatDecimal,battery_adc,spongebob
,,20,2021-05-30T13:23:59.657Z,7.97,cra,24,24xac494d38c,true,BatDecimal,battery_adc,spongebob
,,20,2021-05-30T13:29:35.733Z,7.97,cra,24,24xac494d38c,true,BatDecimal,battery_adc,spongebob
,,20,2021-05-30T13:35:12.133Z,7.98,cra,24,24xac494d38c,true,BatDecimal,battery_adc,spongebob
,,20,2021-05-30T13:40:48.654Z,7.97,cra,24,24xac494d38c,true,BatDecimal,battery_adc,spongebob
,,20,2021-05-30T13:52:11.674Z,7.96,cra,24,24xac494d38c,true,BatDecimal,battery_adc,spongebob
,,20,2021-05-30T13:57:57.374Z,7.96,cra,24,24xac494d38c,true,BatDecimal,battery_adc,spongebob
,,20,2021-05-30T14:03:33.875Z,7.95,cra,24,24xac494d38c,true,BatDecimal,battery_adc,spongebob
,,20,2021-05-30T14:09:20.396Z,7.96,cra,24,24xac494d38c,true,BatDecimal,battery_adc,spongebob
,,20,2021-05-30T14:14:56.975Z,7.96,cra,24,24xac494d38c,true,BatDecimal,battery_adc,spongebob
,,20,2021-05-30T14:20:33.735Z,7.95,cra,24,24xac494d38c,true,BatDecimal,battery_adc,spongebob
,,20,2021-05-30T14:48:47.794Z,7.94,cra,24,24xac494d38c,true,BatDecimal,battery_adc,spongebob
,,20,2021-05-30T14:59:59.652Z,7.92,cra,24,24xac494d38c,true,BatDecimal,battery_adc,spongebob
,,20,2021-05-30T15:05:46.371Z,7.93,cra,24,24xac494d38c,true,BatDecimal,battery_adc,spongebob
,,20,2021-05-30T15:11:33.39Z,7.93,cra,24,24xac494d38c,true,BatDecimal,battery_adc,spongebob
,,20,2021-05-30T15:17:10.63Z,7.92,cra,24,24xac494d38c,true,BatDecimal,battery_adc,spongebob
,,20,2021-05-30T15:28:23.97Z,7.93,cra,24,24xac494d38c,true,BatDecimal,battery_adc,spongebob
,,20,2021-05-30T15:34:10.452Z,7.91,cra,24,24xac494d38c,true,BatDecimal,battery_adc,spongebob
,,20,2021-05-30T15:39:57.393Z,7.92,cra,24,24xac494d38c,true,BatDecimal,battery_adc,spongebob
,,20,2021-05-30T15:45:44.393Z,7.91,cra,24,24xac494d38c,true,BatDecimal,battery_adc,spongebob
,,20,2021-05-30T15:51:20.794Z,7.91,cra,24,24xac494d38c,true,BatDecimal,battery_adc,spongebob
,,20,2021-05-30T15:56:57.574Z,7.91,cra,24,24xac494d38c,true,BatDecimal,battery_adc,spongebob
,,20,2021-05-30T16:02:34.654Z,7.89,cra,24,24xac494d38c,true,BatDecimal,battery_adc,spongebob
,,20,2021-05-30T16:08:21.414Z,7.89,cra,24,24xac494d38c,true,BatDecimal,battery_adc,spongebob
,,20,2021-05-30T16:19:45.953Z,7.9,cra,24,24xac494d38c,true,BatDecimal,battery_adc,spongebob
,,20,2021-05-30T16:25:33.293Z,7.88,cra,24,24xac494d38c,true,BatDecimal,battery_adc,spongebob
,,20,2021-05-30T16:31:10.635Z,7.89,cra,24,24xac494d38c,true,BatDecimal,battery_adc,spongebob
,,20,2021-05-30T16:36:47.693Z,7.89,cra,24,24xac494d38c,true,BatDecimal,battery_adc,spongebob
,,20,2021-05-30T16:42:24.831Z,7.89,cra,24,24xac494d38c,true,BatDecimal,battery_adc,spongebob
,,20,2021-05-30T16:48:01.791Z,7.89,cra,24,24xac494d38c,true,BatDecimal,battery_adc,spongebob
,,20,2021-05-30T16:53:38.79Z,7.89,cra,24,24xac494d38c,true,BatDecimal,battery_adc,spongebob
,,20,2021-05-30T17:05:03.331Z,7.87,cra,24,24xac494d38c,true,BatDecimal,battery_adc,spongebob
,,20,2021-05-30T17:10:40.81Z,7.87,cra,24,24xac494d38c,true,BatDecimal,battery_adc,spongebob
,,20,2021-05-30T17:16:17.81Z,7.86,cra,24,24xac494d38c,true,BatDecimal,battery_adc,spongebob
,,20,2021-05-30T17:55:50.633Z,7.86,cra,24,24xac494d38c,true,BatDecimal,battery_adc,spongebob
,,20,2021-05-30T18:01:27.813Z,7.86,cra,24,24xac494d38c,true,BatDecimal,battery_adc,spongebob
,,20,2021-05-30T18:12:53.125Z,7.85,cra,24,24xac494d38c,true,BatDecimal,battery_adc,spongebob
,,20,2021-05-30T18:29:45.724Z,7.86,cra,24,24xac494d38c,true,BatDecimal,battery_adc,spongebob
,,20,2021-05-30T18:41:11.164Z,7.85,cra,24,24xac494d38c,true,BatDecimal,battery_adc,spongebob
,,20,2021-05-30T18:52:36.423Z,7.83,cra,24,24xac494d38c,true,BatDecimal,battery_adc,spongebob
,,20,2021-05-30T19:43:42.942Z,7.82,cra,24,24xac494d38c,true,BatDecimal,battery_adc,spongebob
,,20,2021-05-30T20:06:05.523Z,7.81,cra,24,24xac494d38c,true,BatDecimal,battery_adc,spongebob
,,20,2021-05-30T20:28:28.993Z,7.81,cra,24,24xac494d38c,true,BatDecimal,battery_adc,spongebob
,,20,2021-05-30T20:34:04.982Z,7.8,cra,24,24xac494d38c,true,BatDecimal,battery_adc,spongebob
,,20,2021-05-30T20:39:40.763Z,7.8,cra,24,24xac494d38c,true,BatDecimal,battery_adc,spongebob
,,20,2021-05-30T20:50:52.563Z,7.8,cra,24,24xac494d38c,true,BatDecimal,battery_adc,spongebob
,,20,2021-05-30T21:18:52.724Z,7.79,cra,24,24xac494d38c,true,BatDecimal,battery_adc,spongebob
,,20,2021-05-30T21:35:51.214Z,7.78,cra,24,24xac494d38c,true,BatDecimal,battery_adc,spongebob
,,20,2021-05-30T22:04:02.484Z,7.79,cra,24,24xac494d38c,true,BatDecimal,battery_adc,spongebob
,,20,2021-05-30T22:15:15.124Z,7.78,cra,24,24xac494d38c,true,BatDecimal,battery_adc,spongebob
,,20,2021-05-30T22:21:01.304Z,7.77,cra,24,24xac494d38c,true,BatDecimal,battery_adc,spongebob
,,20,2021-05-30T22:49:24.322Z,7.76,cra,24,24xac494d38c,true,BatDecimal,battery_adc,spongebob
,,20,2021-05-30T22:55:00.742Z,7.76,cra,24,24xac494d38c,true,BatDecimal,battery_adc,spongebob
,,20,2021-05-30T23:06:23.711Z,7.76,cra,24,24xac494d38c,true,BatDecimal,battery_adc,spongebob
,,20,2021-05-30T23:12:10.242Z,7.76,cra,24,24xac494d38c,true,BatDecimal,battery_adc,spongebob
,,20,2021-05-30T23:34:56.963Z,7.75,cra,24,24xac494d38c,true,BatDecimal,battery_adc,spongebob
,,20,2021-05-30T23:40:33.704Z,7.73,cra,24,24xac494d38c,true,BatDecimal,battery_adc,spongebob
,,20,2021-05-30T23:51:56.945Z,7.74,cra,24,24xac494d38c,true,BatDecimal,battery_adc,spongebob
,,20,2021-05-31T00:03:10.586Z,7.75,cra,24,24xac494d38c,true,BatDecimal,battery_adc,spongebob
,,20,2021-05-31T00:14:34.414Z,7.73,cra,24,24xac494d38c,true,BatDecimal,battery_adc,spongebob
,,20,2021-05-31T00:20:11.667Z,7.74,cra,24,24xac494d38c,true,BatDecimal,battery_adc,spongebob
,,20,2021-05-31T00:43:09.483Z,7.73,cra,24,24xac494d38c,true,BatDecimal,battery_adc,spongebob
,,20,2021-05-31T02:02:30.466Z,7.7,cra,24,24xac494d38c,true,BatDecimal,battery_adc,spongebob
,,20,2021-05-31T02:08:17.945Z,7.7,cra,24,24xac494d38c,true,BatDecimal,battery_adc,spongebob
,,20,2021-05-31T02:36:35.025Z,7.68,cra,24,24xac494d38c,true,BatDecimal,battery_adc,spongebob
,,20,2021-05-31T02:59:15.803Z,7.66,cra,24,24xac494d38c,true,BatDecimal,battery_adc,spongebob
,,20,2021-05-31T03:05:03.313Z,7.67,cra,24,24xac494d38c,true,BatDecimal,battery_adc,spongebob
,,20,2021-05-31T03:10:40.962Z,7.66,cra,24,24xac494d38c,true,BatDecimal,battery_adc,spongebob
,,20,2021-05-31T03:33:22.083Z,7.65,cra,24,24xac494d38c,true,BatDecimal,battery_adc,spongebob
,,20,2021-05-31T03:44:47.712Z,7.66,cra,24,24xac494d38c,true,BatDecimal,battery_adc,spongebob
,,20,2021-05-31T03:56:13.171Z,7.63,cra,24,24xac494d38c,true,BatDecimal,battery_adc,spongebob
,,20,2021-05-31T04:13:20.266Z,7.63,cra,24,24xac494d38c,true,BatDecimal,battery_adc,spongebob
,,20,2021-05-31T04:24:51.634Z,7.63,cra,24,24xac494d38c,true,BatDecimal,battery_adc,spongebob
,,20,2021-05-31T04:41:59.194Z,7.63,cra,24,24xac494d38c,true,BatDecimal,battery_adc,spongebob
,,20,2021-05-31T04:47:34.814Z,7.62,cra,24,24xac494d38c,true,BatDecimal,battery_adc,spongebob
,,20,2021-05-31T04:53:10.626Z,7.62,cra,24,24xac494d38c,true,BatDecimal,battery_adc,spongebob
,,20,2021-05-31T04:59:07.134Z,7.62,cra,24,24xac494d38c,true,BatDecimal,battery_adc,spongebob
,,20,2021-05-31T05:04:53.366Z,7.61,cra,24,24xac494d38c,true,BatDecimal,battery_adc,spongebob
,,20,2021-05-31T05:22:01.511Z,7.6,cra,24,24xac494d38c,true,BatDecimal,battery_adc,spongebob
,,20,2021-05-31T05:27:37.522Z,7.6,cra,24,24xac494d38c,true,BatDecimal,battery_adc,spongebob
,,20,2021-05-31T05:55:48.943Z,7.59,cra,24,24xac494d38c,true,BatDecimal,battery_adc,spongebob
,,20,2021-05-31T06:07:11.743Z,7.58,cra,24,24xac494d38c,true,BatDecimal,battery_adc,spongebob
,,20,2021-05-31T06:18:34.404Z,7.58,cra,24,24xac494d38c,true,BatDecimal,battery_adc,spongebob
,,20,2021-05-31T06:41:20.307Z,7.57,cra,24,24xac494d38c,true,BatDecimal,battery_adc,spongebob
,,20,2021-05-31T06:46:57.169Z,7.58,cra,24,24xac494d38c,true,BatDecimal,battery_adc,spongebob
,,20,2021-05-31T06:52:44.235Z,7.56,cra,24,24xac494d38c,true,BatDecimal,battery_adc,spongebob
,,20,2021-05-31T06:58:31.305Z,7.55,cra,24,24xac494d38c,true,BatDecimal,battery_adc,spongebob
,,20,2021-05-31T07:04:18.244Z,7.55,cra,24,24xac494d38c,true,BatDecimal,battery_adc,spongebob
,,20,2021-05-31T07:21:18.491Z,7.55,cra,24,24xac494d38c,true,BatDecimal,battery_adc,spongebob
,,20,2021-05-31T07:38:18.645Z,7.54,cra,24,24xac494d38c,true,BatDecimal,battery_adc,spongebob
,,20,2021-05-31T07:49:42.225Z,7.54,cra,24,24xac494d38c,true,BatDecimal,battery_adc,spongebob
,,20,2021-05-31T08:34:55.663Z,7.54,cra,24,24xac494d38c,true,BatDecimal,battery_adc,spongebob
,,20,2021-05-31T08:52:16.505Z,7.52,cra,24,24xac494d38c,true,BatDecimal,battery_adc,spongebob
,,20,2021-05-31T09:03:50.465Z,7.5,cra,24,24xac494d38c,true,BatDecimal,battery_adc,spongebob
,,21,2021-05-30T00:00:37.202Z,11100,cra,24,24xac494d38c,true,BatKey,battery_adc,spongebob
,,21,2021-05-30T00:06:14.651Z,11101,cra,24,24xac494d38c,true,BatKey,battery_adc,spongebob
,,21,2021-05-30T00:11:52.045Z,11102,cra,24,24xac494d38c,true,BatKey,battery_adc,spongebob
,,21,2021-05-30T00:17:29.646Z,11103,cra,24,24xac494d38c,true,BatKey,battery_adc,spongebob
,,21,2021-05-30T00:23:17.373Z,11104,cra,24,24xac494d38c,true,BatKey,battery_adc,spongebob
,,21,2021-05-30T00:28:54.954Z,11105,cra,24,24xac494d38c,true,BatKey,battery_adc,spongebob
,,21,2021-05-30T00:34:42.495Z,11106,cra,24,24xac494d38c,true,BatKey,battery_adc,spongebob
,,21,2021-05-30T00:40:30.294Z,11107,cra,24,24xac494d38c,true,BatKey,battery_adc,spongebob
,,21,2021-05-30T00:46:07.834Z,11108,cra,24,24xac494d38c,true,BatKey,battery_adc,spongebob
,,21,2021-05-30T00:51:55.353Z,11109,cra,24,24xac494d38c,true,BatKey,battery_adc,spongebob
,,21,2021-05-30T01:03:10.614Z,11111,cra,24,24xac494d38c,true,BatKey,battery_adc,spongebob
,,21,2021-05-30T01:08:48.505Z,11112,cra,24,24xac494d38c,true,BatKey,battery_adc,spongebob
,,21,2021-05-30T01:14:36.346Z,11113,cra,24,24xac494d38c,true,BatKey,battery_adc,spongebob
,,21,2021-05-30T01:26:12.293Z,11115,cra,24,24xac494d38c,true,BatKey,battery_adc,spongebob
,,21,2021-05-30T01:31:51.764Z,11116,cra,24,24xac494d38c,true,BatKey,battery_adc,spongebob
,,21,2021-05-30T01:37:37.334Z,11117,cra,24,24xac494d38c,true,BatKey,battery_adc,spongebob
,,21,2021-05-30T01:43:12.927Z,11118,cra,24,24xac494d38c,true,BatKey,battery_adc,spongebob
,,21,2021-05-30T01:54:34.112Z,11120,cra,24,24xac494d38c,true,BatKey,battery_adc,spongebob
,,21,2021-05-30T02:05:55.722Z,11122,cra,24,24xac494d38c,true,BatKey,battery_adc,spongebob
,,21,2021-05-30T02:11:41.362Z,11123,cra,24,24xac494d38c,true,BatKey,battery_adc,spongebob
,,21,2021-05-30T02:22:52.782Z,11125,cra,24,24xac494d38c,true,BatKey,battery_adc,spongebob
,,21,2021-05-30T02:28:38.431Z,11126,cra,24,24xac494d38c,true,BatKey,battery_adc,spongebob
,,21,2021-05-30T02:34:24.362Z,11127,cra,24,24xac494d38c,true,BatKey,battery_adc,spongebob
,,21,2021-05-30T02:40:10.432Z,11128,cra,24,24xac494d38c,true,BatKey,battery_adc,spongebob
,,21,2021-05-30T02:51:22.09Z,11130,cra,24,24xac494d38c,true,BatKey,battery_adc,spongebob
,,21,2021-05-30T02:56:57.971Z,11131,cra,24,24xac494d38c,true,BatKey,battery_adc,spongebob
,,21,2021-05-30T03:02:43.961Z,11132,cra,24,24xac494d38c,true,BatKey,battery_adc,spongebob
,,21,2021-05-30T03:08:20.181Z,11133,cra,24,24xac494d38c,true,BatKey,battery_adc,spongebob
,,21,2021-05-30T03:13:56.13Z,11134,cra,24,24xac494d38c,true,BatKey,battery_adc,spongebob
,,21,2021-05-30T03:19:31.862Z,11135,cra,24,24xac494d38c,true,BatKey,battery_adc,spongebob
,,21,2021-05-30T03:25:08.171Z,11136,cra,24,24xac494d38c,true,BatKey,battery_adc,spongebob
,,21,2021-05-30T03:30:44.17Z,11137,cra,24,24xac494d38c,true,BatKey,battery_adc,spongebob
,,21,2021-05-30T03:36:30.33Z,11138,cra,24,24xac494d38c,true,BatKey,battery_adc,spongebob
,,21,2021-05-30T03:42:06.771Z,11139,cra,24,24xac494d38c,true,BatKey,battery_adc,spongebob
,,21,2021-05-30T03:47:43.011Z,11140,cra,24,24xac494d38c,true,BatKey,battery_adc,spongebob
,,21,2021-05-30T03:53:19.171Z,11141,cra,24,24xac494d38c,true,BatKey,battery_adc,spongebob
,,21,2021-05-30T03:59:05.391Z,11142,cra,24,24xac494d38c,true,BatKey,battery_adc,spongebob
,,21,2021-05-30T04:10:17.731Z,11144,cra,24,24xac494d38c,true,BatKey,battery_adc,spongebob
,,21,2021-05-30T04:27:06.571Z,11147,cra,24,24xac494d38c,true,BatKey,battery_adc,spongebob
,,21,2021-05-30T04:44:05.671Z,11150,cra,24,24xac494d38c,true,BatKey,battery_adc,spongebob
,,21,2021-05-30T05:01:05.171Z,11153,cra,24,24xac494d38c,true,BatKey,battery_adc,spongebob
,,21,2021-05-30T05:12:18.151Z,11155,cra,24,24xac494d38c,true,BatKey,battery_adc,spongebob
,,21,2021-05-30T05:17:54.651Z,11156,cra,24,24xac494d38c,true,BatKey,battery_adc,spongebob
,,21,2021-05-30T05:29:07.672Z,11158,cra,24,24xac494d38c,true,BatKey,battery_adc,spongebob
,,21,2021-05-30T05:34:54.352Z,11159,cra,24,24xac494d38c,true,BatKey,battery_adc,spongebob
,,21,2021-05-30T05:51:54.344Z,11162,cra,24,24xac494d38c,true,BatKey,battery_adc,spongebob
,,21,2021-05-30T05:57:31.113Z,11163,cra,24,24xac494d38c,true,BatKey,battery_adc,spongebob
,,21,2021-05-30T06:03:07.605Z,11164,cra,24,24xac494d38c,true,BatKey,battery_adc,spongebob
,,21,2021-05-30T06:08:54.214Z,11165,cra,24,24xac494d38c,true,BatKey,battery_adc,spongebob
,,21,2021-05-30T06:14:31.126Z,11166,cra,24,24xac494d38c,true,BatKey,battery_adc,spongebob
,,21,2021-05-30T06:25:44.795Z,11168,cra,24,24xac494d38c,true,BatKey,battery_adc,spongebob
,,21,2021-05-30T06:31:21.696Z,11169,cra,24,24xac494d38c,true,BatKey,battery_adc,spongebob
,,21,2021-05-30T06:36:58.736Z,11170,cra,24,24xac494d38c,true,BatKey,battery_adc,spongebob
,,21,2021-05-30T06:42:35.816Z,11171,cra,24,24xac494d38c,true,BatKey,battery_adc,spongebob
,,21,2021-05-30T06:48:12.637Z,11172,cra,24,24xac494d38c,true,BatKey,battery_adc,spongebob
,,21,2021-05-30T06:59:26.756Z,11174,cra,24,24xac494d38c,true,BatKey,battery_adc,spongebob
,,21,2021-05-30T07:05:03.914Z,11175,cra,24,24xac494d38c,true,BatKey,battery_adc,spongebob
,,21,2021-05-30T07:10:41.073Z,11176,cra,24,24xac494d38c,true,BatKey,battery_adc,spongebob
,,21,2021-05-30T07:16:18.093Z,11177,cra,24,24xac494d38c,true,BatKey,battery_adc,spongebob
,,21,2021-05-30T07:22:05.393Z,11178,cra,24,24xac494d38c,true,BatKey,battery_adc,spongebob
,,21,2021-05-30T07:33:19.683Z,11180,cra,24,24xac494d38c,true,BatKey,battery_adc,spongebob
,,21,2021-05-30T07:44:33.751Z,11182,cra,24,24xac494d38c,true,BatKey,battery_adc,spongebob
,,21,2021-05-30T07:50:10.89Z,11183,cra,24,24xac494d38c,true,BatKey,battery_adc,spongebob
,,21,2021-05-30T07:55:58.29Z,11184,cra,24,24xac494d38c,true,BatKey,battery_adc,spongebob
,,21,2021-05-30T08:01:45.37Z,11185,cra,24,24xac494d38c,true,BatKey,battery_adc,spongebob
,,21,2021-05-30T08:07:22.502Z,11186,cra,24,24xac494d38c,true,BatKey,battery_adc,spongebob
,,21,2021-05-30T08:12:59.652Z,11187,cra,24,24xac494d38c,true,BatKey,battery_adc,spongebob
,,21,2021-05-30T08:18:37.013Z,11188,cra,24,24xac494d38c,true,BatKey,battery_adc,spongebob
,,21,2021-05-30T08:24:24.335Z,11189,cra,24,24xac494d38c,true,BatKey,battery_adc,spongebob
,,21,2021-05-30T08:30:01.675Z,11190,cra,24,24xac494d38c,true,BatKey,battery_adc,spongebob
,,21,2021-05-30T08:35:38.735Z,11191,cra,24,24xac494d38c,true,BatKey,battery_adc,spongebob
,,21,2021-05-30T08:41:15.757Z,11192,cra,24,24xac494d38c,true,BatKey,battery_adc,spongebob
,,21,2021-05-30T08:47:03.246Z,11193,cra,24,24xac494d38c,true,BatKey,battery_adc,spongebob
,,21,2021-05-30T08:52:40.934Z,11194,cra,24,24xac494d38c,true,BatKey,battery_adc,spongebob
,,21,2021-05-30T08:58:28.446Z,11195,cra,24,24xac494d38c,true,BatKey,battery_adc,spongebob
,,21,2021-05-30T09:04:05.934Z,11196,cra,24,24xac494d38c,true,BatKey,battery_adc,spongebob
,,21,2021-05-30T09:09:43.527Z,11197,cra,24,24xac494d38c,true,BatKey,battery_adc,spongebob
,,21,2021-05-30T09:15:21.174Z,11198,cra,24,24xac494d38c,true,BatKey,battery_adc,spongebob
,,21,2021-05-30T09:26:36.552Z,11200,cra,24,24xac494d38c,true,BatKey,battery_adc,spongebob
,,21,2021-05-30T09:32:24.251Z,11201,cra,24,24xac494d38c,true,BatKey,battery_adc,spongebob
,,21,2021-05-30T09:43:39.611Z,11203,cra,24,24xac494d38c,true,BatKey,battery_adc,spongebob
,,21,2021-05-30T09:49:27.311Z,11204,cra,24,24xac494d38c,true,BatKey,battery_adc,spongebob
,,21,2021-05-30T09:55:05.133Z,11205,cra,24,24xac494d38c,true,BatKey,battery_adc,spongebob
,,21,2021-05-30T10:11:58.554Z,11208,cra,24,24xac494d38c,true,BatKey,battery_adc,spongebob
,,21,2021-05-30T10:23:13.654Z,11210,cra,24,24xac494d38c,true,BatKey,battery_adc,spongebob
,,21,2021-05-30T10:34:34.753Z,11212,cra,24,24xac494d38c,true,BatKey,battery_adc,spongebob
,,21,2021-05-30T10:40:20.433Z,11213,cra,24,24xac494d38c,true,BatKey,battery_adc,spongebob
,,21,2021-05-30T12:27:21.345Z,11232,cra,24,24xac494d38c,true,BatKey,battery_adc,spongebob
,,21,2021-05-30T12:32:53.854Z,11233,cra,24,24xac494d38c,true,BatKey,battery_adc,spongebob
,,21,2021-05-30T12:38:40.394Z,11234,cra,24,24xac494d38c,true,BatKey,battery_adc,spongebob
,,21,2021-05-30T12:44:25.933Z,11235,cra,24,24xac494d38c,true,BatKey,battery_adc,spongebob
,,21,2021-05-30T12:50:01.632Z,11236,cra,24,24xac494d38c,true,BatKey,battery_adc,spongebob
,,21,2021-05-30T12:55:37.734Z,11237,cra,24,24xac494d38c,true,BatKey,battery_adc,spongebob
,,21,2021-05-30T13:01:35.071Z,11238,cra,24,24xac494d38c,true,BatKey,battery_adc,spongebob
,,21,2021-05-30T13:07:10.77Z,11239,cra,24,24xac494d38c,true,BatKey,battery_adc,spongebob
,,21,2021-05-30T13:12:46.692Z,11240,cra,24,24xac494d38c,true,BatKey,battery_adc,spongebob
,,21,2021-05-30T13:18:23.532Z,11241,cra,24,24xac494d38c,true,BatKey,battery_adc,spongebob
,,21,2021-05-30T13:23:59.657Z,11242,cra,24,24xac494d38c,true,BatKey,battery_adc,spongebob
,,21,2021-05-30T13:29:35.733Z,11243,cra,24,24xac494d38c,true,BatKey,battery_adc,spongebob
,,21,2021-05-30T13:35:12.133Z,11244,cra,24,24xac494d38c,true,BatKey,battery_adc,spongebob
,,21,2021-05-30T13:40:48.654Z,11245,cra,24,24xac494d38c,true,BatKey,battery_adc,spongebob
,,21,2021-05-30T13:52:11.674Z,11247,cra,24,24xac494d38c,true,BatKey,battery_adc,spongebob
,,21,2021-05-30T13:57:57.374Z,11248,cra,24,24xac494d38c,true,BatKey,battery_adc,spongebob
,,21,2021-05-30T14:03:33.875Z,11249,cra,24,24xac494d38c,true,BatKey,battery_adc,spongebob
,,21,2021-05-30T14:09:20.396Z,11250,cra,24,24xac494d38c,true,BatKey,battery_adc,spongebob
,,21,2021-05-30T14:14:56.975Z,11251,cra,24,24xac494d38c,true,BatKey,battery_adc,spongebob
,,21,2021-05-30T14:20:33.735Z,11252,cra,24,24xac494d38c,true,BatKey,battery_adc,spongebob
,,21,2021-05-30T14:48:47.794Z,11257,cra,24,24xac494d38c,true,BatKey,battery_adc,spongebob
,,21,2021-05-30T14:59:59.652Z,11259,cra,24,24xac494d38c,true,BatKey,battery_adc,spongebob
,,21,2021-05-30T15:05:46.371Z,11260,cra,24,24xac494d38c,true,BatKey,battery_adc,spongebob
,,21,2021-05-30T15:11:33.39Z,11261,cra,24,24xac494d38c,true,BatKey,battery_adc,spongebob
,,21,2021-05-30T15:17:10.63Z,11262,cra,24,24xac494d38c,true,BatKey,battery_adc,spongebob
,,21,2021-05-30T15:28:23.97Z,11264,cra,24,24xac494d38c,true,BatKey,battery_adc,spongebob
,,21,2021-05-30T15:34:10.452Z,11265,cra,24,24xac494d38c,true,BatKey,battery_adc,spongebob
,,21,2021-05-30T15:39:57.393Z,11266,cra,24,24xac494d38c,true,BatKey,battery_adc,spongebob
,,21,2021-05-30T15:45:44.393Z,11267,cra,24,24xac494d38c,true,BatKey,battery_adc,spongebob
,,21,2021-05-30T15:51:20.794Z,11268,cra,24,24xac494d38c,true,BatKey,battery_adc,spongebob
,,21,2021-05-30T15:56:57.574Z,11269,cra,24,24xac494d38c,true,BatKey,battery_adc,spongebob
,,21,2021-05-30T16:02:34.654Z,11270,cra,24,24xac494d38c,true,BatKey,battery_adc,spongebob
,,21,2021-05-30T16:08:21.414Z,11271,cra,24,24xac494d38c,true,BatKey,battery_adc,spongebob
,,21,2021-05-30T16:19:45.953Z,11273,cra,24,24xac494d38c,true,BatKey,battery_adc,spongebob
,,21,2021-05-30T16:25:33.293Z,11274,cra,24,24xac494d38c,true,BatKey,battery_adc,spongebob
,,21,2021-05-30T16:31:10.635Z,11275,cra,24,24xac494d38c,true,BatKey,battery_adc,spongebob
,,21,2021-05-30T16:36:47.693Z,11276,cra,24,24xac494d38c,true,BatKey,battery_adc,spongebob
,,21,2021-05-30T16:42:24.831Z,11277,cra,24,24xac494d38c,true,BatKey,battery_adc,spongebob
,,21,2021-05-30T16:48:01.791Z,11278,cra,24,24xac494d38c,true,BatKey,battery_adc,spongebob
,,21,2021-05-30T16:53:38.79Z,11279,cra,24,24xac494d38c,true,BatKey,battery_adc,spongebob
,,21,2021-05-30T17:05:03.331Z,11281,cra,24,24xac494d38c,true,BatKey,battery_adc,spongebob
,,21,2021-05-30T17:10:40.81Z,11282,cra,24,24xac494d38c,true,BatKey,battery_adc,spongebob
,,21,2021-05-30T17:16:17.81Z,11283,cra,24,24xac494d38c,true,BatKey,battery_adc,spongebob
,,21,2021-05-30T17:55:50.633Z,11290,cra,24,24xac494d38c,true,BatKey,battery_adc,spongebob
,,21,2021-05-30T18:01:27.813Z,11291,cra,24,24xac494d38c,true,BatKey,battery_adc,spongebob
,,21,2021-05-30T18:12:53.125Z,11293,cra,24,24xac494d38c,true,BatKey,battery_adc,spongebob
,,21,2021-05-30T18:29:45.724Z,11296,cra,24,24xac494d38c,true,BatKey,battery_adc,spongebob
,,21,2021-05-30T18:41:11.164Z,11298,cra,24,24xac494d38c,true,BatKey,battery_adc,spongebob
,,21,2021-05-30T18:52:36.423Z,11300,cra,24,24xac494d38c,true,BatKey,battery_adc,spongebob
,,21,2021-05-30T19:43:42.942Z,11309,cra,24,24xac494d38c,true,BatKey,battery_adc,spongebob
,,21,2021-05-30T20:06:05.523Z,11313,cra,24,24xac494d38c,true,BatKey,battery_adc,spongebob
,,21,2021-05-30T20:28:28.993Z,11317,cra,24,24xac494d38c,true,BatKey,battery_adc,spongebob
,,21,2021-05-30T20:34:04.982Z,11318,cra,24,24xac494d38c,true,BatKey,battery_adc,spongebob
,,21,2021-05-30T20:39:40.763Z,11319,cra,24,24xac494d38c,true,BatKey,battery_adc,spongebob
,,21,2021-05-30T20:50:52.563Z,11321,cra,24,24xac494d38c,true,BatKey,battery_adc,spongebob
,,21,2021-05-30T21:18:52.724Z,11326,cra,24,24xac494d38c,true,BatKey,battery_adc,spongebob
,,21,2021-05-30T21:35:51.214Z,11329,cra,24,24xac494d38c,true,BatKey,battery_adc,spongebob
,,21,2021-05-30T22:04:02.484Z,11334,cra,24,24xac494d38c,true,BatKey,battery_adc,spongebob
,,21,2021-05-30T22:15:15.124Z,11336,cra,24,24xac494d38c,true,BatKey,battery_adc,spongebob
,,21,2021-05-30T22:21:01.304Z,11337,cra,24,24xac494d38c,true,BatKey,battery_adc,spongebob
,,21,2021-05-30T22:49:24.322Z,11342,cra,24,24xac494d38c,true,BatKey,battery_adc,spongebob
,,21,2021-05-30T22:55:00.742Z,11343,cra,24,24xac494d38c,true,BatKey,battery_adc,spongebob
,,21,2021-05-30T23:06:23.711Z,11345,cra,24,24xac494d38c,true,BatKey,battery_adc,spongebob
,,21,2021-05-30T23:12:10.242Z,11346,cra,24,24xac494d38c,true,BatKey,battery_adc,spongebob
,,21,2021-05-30T23:34:56.963Z,11350,cra,24,24xac494d38c,true,BatKey,battery_adc,spongebob
,,21,2021-05-30T23:40:33.704Z,11351,cra,24,24xac494d38c,true,BatKey,battery_adc,spongebob
,,21,2021-05-30T23:51:56.945Z,11353,cra,24,24xac494d38c,true,BatKey,battery_adc,spongebob
,,21,2021-05-31T00:03:10.586Z,11355,cra,24,24xac494d38c,true,BatKey,battery_adc,spongebob
,,21,2021-05-31T00:14:34.414Z,11357,cra,24,24xac494d38c,true,BatKey,battery_adc,spongebob
,,21,2021-05-31T00:20:11.667Z,11358,cra,24,24xac494d38c,true,BatKey,battery_adc,spongebob
,,21,2021-05-31T00:43:09.483Z,11362,cra,24,24xac494d38c,true,BatKey,battery_adc,spongebob
,,21,2021-05-31T02:02:30.466Z,11376,cra,24,24xac494d38c,true,BatKey,battery_adc,spongebob
,,21,2021-05-31T02:08:17.945Z,11377,cra,24,24xac494d38c,true,BatKey,battery_adc,spongebob
,,21,2021-05-31T02:36:35.025Z,11382,cra,24,24xac494d38c,true,BatKey,battery_adc,spongebob
,,21,2021-05-31T02:59:15.803Z,11386,cra,24,24xac494d38c,true,BatKey,battery_adc,spongebob
,,21,2021-05-31T03:05:03.313Z,11387,cra,24,24xac494d38c,true,BatKey,battery_adc,spongebob
,,21,2021-05-31T03:10:40.962Z,11388,cra,24,24xac494d38c,true,BatKey,battery_adc,spongebob
,,21,2021-05-31T03:33:22.083Z,11392,cra,24,24xac494d38c,true,BatKey,battery_adc,spongebob
,,21,2021-05-31T03:44:47.712Z,11394,cra,24,24xac494d38c,true,BatKey,battery_adc,spongebob
,,21,2021-05-31T03:56:13.171Z,11396,cra,24,24xac494d38c,true,BatKey,battery_adc,spongebob
,,21,2021-05-31T04:13:20.266Z,11399,cra,24,24xac494d38c,true,BatKey,battery_adc,spongebob
,,21,2021-05-31T04:24:51.634Z,11401,cra,24,24xac494d38c,true,BatKey,battery_adc,spongebob
,,21,2021-05-31T04:41:59.194Z,11404,cra,24,24xac494d38c,true,BatKey,battery_adc,spongebob
,,21,2021-05-31T04:47:34.814Z,11405,cra,24,24xac494d38c,true,BatKey,battery_adc,spongebob
,,21,2021-05-31T04:53:10.626Z,11406,cra,24,24xac494d38c,true,BatKey,battery_adc,spongebob
,,21,2021-05-31T04:59:07.134Z,11407,cra,24,24xac494d38c,true,BatKey,battery_adc,spongebob
,,21,2021-05-31T05:04:53.366Z,11408,cra,24,24xac494d38c,true,BatKey,battery_adc,spongebob
,,21,2021-05-31T05:22:01.511Z,11411,cra,24,24xac494d38c,true,BatKey,battery_adc,spongebob
,,21,2021-05-31T05:27:37.522Z,11412,cra,24,24xac494d38c,true,BatKey,battery_adc,spongebob
,,21,2021-05-31T05:55:48.943Z,11417,cra,24,24xac494d38c,true,BatKey,battery_adc,spongebob
,,21,2021-05-31T06:07:11.743Z,11419,cra,24,24xac494d38c,true,BatKey,battery_adc,spongebob
,,21,2021-05-31T06:18:34.404Z,11421,cra,24,24xac494d38c,true,BatKey,battery_adc,spongebob
,,21,2021-05-31T06:41:20.307Z,11425,cra,24,24xac494d38c,true,BatKey,battery_adc,spongebob
,,21,2021-05-31T06:46:57.169Z,11426,cra,24,24xac494d38c,true,BatKey,battery_adc,spongebob
,,21,2021-05-31T06:52:44.235Z,11427,cra,24,24xac494d38c,true,BatKey,battery_adc,spongebob
,,21,2021-05-31T06:58:31.305Z,11428,cra,24,24xac494d38c,true,BatKey,battery_adc,spongebob
,,21,2021-05-31T07:04:18.244Z,11429,cra,24,24xac494d38c,true,BatKey,battery_adc,spongebob
,,21,2021-05-31T07:21:18.491Z,11432,cra,24,24xac494d38c,true,BatKey,battery_adc,spongebob
,,21,2021-05-31T07:38:18.645Z,11435,cra,24,24xac494d38c,true,BatKey,battery_adc,spongebob
,,21,2021-05-31T07:49:42.225Z,11437,cra,24,24xac494d38c,true,BatKey,battery_adc,spongebob
,,21,2021-05-31T08:34:55.663Z,11445,cra,24,24xac494d38c,true,BatKey,battery_adc,spongebob
,,21,2021-05-31T08:52:16.505Z,11448,cra,24,24xac494d38c,true,BatKey,battery_adc,spongebob
,,21,2021-05-31T09:03:50.465Z,11450,cra,24,24xac494d38c,true,BatKey,battery_adc,spongebob
,,22,2021-05-30T01:54:57.663Z,7.03,cra,4,98f4ab6f6370,true,BatDecimal,battery_adc,spongebob
,,22,2021-05-30T06:17:36.226Z,7.02,cra,4,98f4ab6f6370,true,BatDecimal,battery_adc,spongebob
,,22,2021-05-30T09:07:07.967Z,7.01,cra,4,98f4ab6f6370,true,BatDecimal,battery_adc,spongebob
,,23,2021-05-30T01:54:57.663Z,2683,cra,4,98f4ab6f6370,true,BatKey,battery_adc,spongebob
,,23,2021-05-30T06:17:36.226Z,2700,cra,4,98f4ab6f6370,true,BatKey,battery_adc,spongebob
,,23,2021-05-30T09:07:07.967Z,2711,cra,4,98f4ab6f6370,true,BatKey,battery_adc,spongebob

